FASTQ_FILE	MATE	MD5	CENTER_NAME	RUN_ID	RUN_DATE	LANE_NO	BASE_COUNT	READ_COUNT	CYCLE_COUNT	SAMPLE_ID	BARCODE	SEQUENCING_TYPE	INSTRUMENT_MODEL	INSTRUMENT_PLATFORM	PIPELINE_VERSION	INSERT_SIZE	LIBRARY_LAYOUT	ILSE_NO	WITHDRAWN	WITHDRAWN_DATE	COMMENT	LIB_PREP_KIT	ANTIBODY_TARGET	ANTIBODY	SEQUENCING_KIT	PROJECT	DEMULTIPLEX_MISMATCH	SEQUENCING_SOFTWARE	BASECALL_SOFTWARE	BASE_QUAL_ENCODING	SPECIES	%_GC_FROM_FASTQC	LANE_%_PASS_PURITY_FILTER	LANE_%_BASE_QUAL_MIN30	SAMPLE_SUBMISSION_TYPE	BIOMATERIAL_ID	CUSTOMER_LIBRARY	TAGMENTATION_BASED_LIBRARY	PATIENT_ID	GENDER	TISSUE_TYPE
Undetermined_1.fastq.gz	1	8b496f833f02ad237a6ee2c008aa073f	DKFZ	161004_M00269_0194_000000000-AW4GY	2016-10-04	1	568222060	3763060	151	Undetermined_1	Undetermined	UNKNOWN	MISEQ	Illumina	bcl2fastq 2.17.1.14		SINGLE					UNKNOWN			V3		0	MCS 2.5.0.5	RTA 1.18.54	Phred+33	depends on index		72.05	85.43							
AS-136394-LR-18889_R1.fastq.gz	1	b05e95979c1e238f9353ad0882f68ef6	DKFZ	161004_M00269_0194_000000000-AW4GY	2016-10-04	1	1007380041	6671391	151	InVitro1_NSC_Sample1	GCCAAT		MISEQ	Illumina	bcl2fastq 2.17.1.14		SINGLE	6679							V3	Other	0	MCS 2.5.0.5	RTA 1.18.54	Phred+33	mm10	54	72.05	85.43	Multiplex						N
AS-136396-LR-18889_R1.fastq.gz	1	30b485b64bfc8d750fa2251e5adc9034	DKFZ	161004_M00269_0194_000000000-AW4GY	2016-10-04	1	856279022	5670722	151	InVitro2_NSC_Sample2	CTTGTA		MISEQ	Illumina	bcl2fastq 2.17.1.14		SINGLE	6679							V3	Other	0	MCS 2.5.0.5	RTA 1.18.54	Phred+33	mm10	54	72.05	85.43	Multiplex						N
AS-160584-LR-23667_R1.fastq.gz	1	3e0f92a385e4311551a552d52c149ac4	DKFZ	170426_SN7001393_0382_AHJLCCBCXY	2017-04-26	1	25388083	168133	151	Set1_qNSC_Sample1	TTACCGAC	WHOLE_GENOME	HISEQ2500	Illumina	bcl2fastq 2.18.0.12		SINGLE	7704					UNKNOWN			HiSeq Rapid Flow Cell v2	A290_Rapid_2	0	HCS 2.2.58	RTA 1.18.64	Phred+33	mm10	52	16.02	76.43	Multiplex			False			
AS-160586-LR-23667_R1.fastq.gz	1	315baa585608f6ca16e2143bcaf72f8a	DKFZ	170426_SN7001393_0382_AHJLCCBCXY	2017-04-26	1	25864488	171288	151	Set1_aNSC_Sample1	AGTGACCT	WHOLE_GENOME	HISEQ2500	Illumina	bcl2fastq 2.18.0.12		SINGLE	7704					UNKNOWN			HiSeq Rapid Flow Cell v2	A290_Rapid_2	0	HCS 2.2.58	RTA 1.18.64	Phred+33	mm10	52	16.02	76.43	Multiplex						
AS-160588-LR-23667_R1.fastq.gz	1	9a9997dc0a5a44cf4a6d66f688cd2f22	DKFZ	170426_SN7001393_0382_AHJLCCBCXY	2017-04-26	1	20602138	136438	151	Set1_aNSC_Sample2	TCGGATTC	WHOLE_GENOME	HISEQ2500	Illumina	bcl2fastq 2.18.0.12		SINGLE	7704					UNKNOWN			HiSeq Rapid Flow Cell v2	A290_Rapid_2	0	HCS 2.2.58	RTA 1.18.64	Phred+33	mm10	53	16.02	76.43	Multiplex						
AS-160590-LR-23667_R1.fastq.gz	1	978bd32513856a11efccb59c417102be	DKFZ	170426_SN7001393_0382_AHJLCCBCXY	2017-04-26	1	19693873	130423	151	Set1_Prog_Sample1	CAAGGTAC	WHOLE_GENOME	HISEQ2500	Illumina	bcl2fastq 2.18.0.12		SINGLE	7704					UNKNOWN			HiSeq Rapid Flow Cell v2	A290_Rapid_2	0	HCS 2.2.58	RTA 1.18.64	Phred+33	mm10	53	16.02	76.43	Multiplex						
AS-160592-LR-23667_R1.fastq.gz	1	ee12b7264c8846d4cd1709e2e622b8b7	DKFZ	170426_SN7001393_0382_AHJLCCBCXY	2017-04-26	1	24734404	163804	151	Set1_Prog_Sample2	TCCTCATG	WHOLE_GENOME	HISEQ2500	Illumina	bcl2fastq 2.18.0.12		SINGLE	7704					UNKNOWN			HiSeq Rapid Flow Cell v2	A290_Rapid_2	0	HCS 2.2.58	RTA 1.18.64	Phred+33	mm10	53	16.02	76.43	Multiplex						
AS-160594-LR-23667_R1.fastq.gz	1	0f044041a7515f8e2336f45840cae231	DKFZ	170426_SN7001393_0382_AHJLCCBCXY	2017-04-26	1	24806431	164281	151	Set1_Prog_Sample3	GTCAGTCA	WHOLE_GENOME	HISEQ2500	Illumina	bcl2fastq 2.18.0.12		SINGLE	7704					UNKNOWN			HiSeq Rapid Flow Cell v2	A290_Rapid_2	0	HCS 2.2.58	RTA 1.18.64	Phred+33	mm10	53	16.02	76.43	Multiplex						
AS-160596-LR-23667_R1.fastq.gz	1	1dea4635fd05eb640bb6ace5bc00369a	DKFZ	170426_SN7001393_0382_AHJLCCBCXY	2017-04-26	1	20039663	132713	151	Set1_Neurob_Sample1	CGAATACG	WHOLE_GENOME	HISEQ2500	Illumina	bcl2fastq 2.18.0.12		SINGLE	7704					UNKNOWN			HiSeq Rapid Flow Cell v2	A290_Rapid_2	0	HCS 2.2.58	RTA 1.18.64	Phred+33	mm10	53	16.02	76.43	Multiplex						
AS-160598-LR-23667_R1.fastq.gz	1	47c1b645fd587338a8548e412a5a4e37	DKFZ	170426_SN7001393_0382_AHJLCCBCXY	2017-04-26	1	24935989	165139	151	Set1_Neurob_Sample2	TCTAGGAG	WHOLE_GENOME	HISEQ2500	Illumina	bcl2fastq 2.18.0.12		SINGLE	7704					UNKNOWN			HiSeq Rapid Flow Cell v2	A290_Rapid_2	0	HCS 2.2.58	RTA 1.18.64	Phred+33	mm10	52	16.02	76.43	Multiplex						
AS-160600-LR-23667_R1.fastq.gz	1	bfdc6f50e0d50bb2c707276e658de450	DKFZ	170426_SN7001393_0382_AHJLCCBCXY	2017-04-26	1	25012093	165643	151	Set1_Neurob_Sample3	CGCAACTA	WHOLE_GENOME	HISEQ2500	Illumina	bcl2fastq 2.18.0.12		SINGLE	7704					UNKNOWN			HiSeq Rapid Flow Cell v2	A290_Rapid_2	0	HCS 2.2.58	RTA 1.18.64	Phred+33	mm10	53	16.02	76.43	Multiplex						
AS-160602-LR-23667_R1.fastq.gz	1	8d38d3a1878fe4bab09da7143f1e2614	DKFZ	170426_SN7001393_0382_AHJLCCBCXY	2017-04-26	1	16859301	111651	151	Set2_qNSC_Sample1	CGTATCTC	WHOLE_GENOME	HISEQ2500	Illumina	bcl2fastq 2.18.0.12		SINGLE	7704					UNKNOWN			HiSeq Rapid Flow Cell v2	A290_Rapid_2	0	HCS 2.2.58	RTA 1.18.64	Phred+33	mm10	52	16.02	76.43	Multiplex						
AS-160604-LR-23667_R1.fastq.gz	1	178d2e5df89d522882c5b54b36b6e479	DKFZ	170426_SN7001393_0382_AHJLCCBCXY	2017-04-26	1	20430753	135303	151	Set2_qNSC_Sample2	GTACACCT	WHOLE_GENOME	HISEQ2500	Illumina	bcl2fastq 2.18.0.12		SINGLE	7704					UNKNOWN			HiSeq Rapid Flow Cell v2	A290_Rapid_2	0	HCS 2.2.58	RTA 1.18.64	Phred+33	mm10	52	16.02	76.43	Multiplex						
AS-160606-LR-23667_R1.fastq.gz	1	14cb8a6c39a447ef4906489156a233e0	DKFZ	170426_SN7001393_0382_AHJLCCBCXY	2017-04-26	1	25030515	165765	151	Set2_qNSC_Sample3	CGGCATTA	WHOLE_GENOME	HISEQ2500	Illumina	bcl2fastq 2.18.0.12		SINGLE	7704					UNKNOWN			HiSeq Rapid Flow Cell v2	A290_Rapid_2	0	HCS 2.2.58	RTA 1.18.64	Phred+33	mm10	53	16.02	76.43	Multiplex						
AS-160608-LR-23667_R1.fastq.gz	1	16406e2aad0e0428ccf95f5e7a2a3e99	DKFZ	170426_SN7001393_0382_AHJLCCBCXY	2017-04-26	1	25747916	170516	151	Set2_qNSC_Sample4	TCGTCTGA	WHOLE_GENOME	HISEQ2500	Illumina	bcl2fastq 2.18.0.12		SINGLE	7704					UNKNOWN			HiSeq Rapid Flow Cell v2	A290_Rapid_2	0	HCS 2.2.58	RTA 1.18.64	Phred+33	mm10	52	16.02	76.43	Multiplex						
AS-160610-LR-23667_R1.fastq.gz	1	988c5177dac245356d614eff596bb0a0	DKFZ	170426_SN7001393_0382_AHJLCCBCXY	2017-04-26	1	24612396	162996	151	Set2_qNSC_Sample5	AGCCTATC	WHOLE_GENOME	HISEQ2500	Illumina	bcl2fastq 2.18.0.12		SINGLE	7704					UNKNOWN			HiSeq Rapid Flow Cell v2	A290_Rapid_2	0	HCS 2.2.58	RTA 1.18.64	Phred+33	mm10	53	16.02	76.43	Multiplex						
AS-160612-LR-23667_R1.fastq.gz	1	ff169d609d373a7d1aa3251bb2e26d45	DKFZ	170426_SN7001393_0382_AHJLCCBCXY	2017-04-26	1	23356529	154679	151	Set2_aNSC_Sample1	CTGTACCA	WHOLE_GENOME	HISEQ2500	Illumina	bcl2fastq 2.18.0.12		SINGLE	7704					UNKNOWN			HiSeq Rapid Flow Cell v2	A290_Rapid_2	0	HCS 2.2.58	RTA 1.18.64	Phred+33	mm10	52	16.02	76.43	Multiplex						
AS-160614-LR-23667_R1.fastq.gz	1	0875483660c9a2e5607da9d0fbc4cb81	DKFZ	170426_SN7001393_0382_AHJLCCBCXY	2017-04-26	1	25445161	168511	151	Set2_aNSC_Sample2	AGACCTTG	WHOLE_GENOME	HISEQ2500	Illumina	bcl2fastq 2.18.0.12		SINGLE	7704					UNKNOWN			HiSeq Rapid Flow Cell v2	A290_Rapid_2	0	HCS 2.2.58	RTA 1.18.64	Phred+33	mm10	52	16.02	76.43	Multiplex						
AS-160616-LR-23667_R1.fastq.gz	1	59296906576070246adc82c91ad7539d	DKFZ	170426_SN7001393_0382_AHJLCCBCXY	2017-04-26	1	10204580	67580	151	Set2_aNSC_Sample3	AGGATAGC	WHOLE_GENOME	HISEQ2500	Illumina	bcl2fastq 2.18.0.12		SINGLE	7704					UNKNOWN			HiSeq Rapid Flow Cell v2	A290_Rapid_2	0	HCS 2.2.58	RTA 1.18.64	Phred+33	mm10	51	16.02	76.43	Multiplex						
AS-160618-LR-23667_R1.fastq.gz	1	a445c487e37d0210b4aef716f95f6d4a	DKFZ	170426_SN7001393_0382_AHJLCCBCXY	2017-04-26	1	20136756	133356	151	Set2_aNSC_Sample4	CCTTCCAT	WHOLE_GENOME	HISEQ2500	Illumina	bcl2fastq 2.18.0.12		SINGLE	7704					UNKNOWN			HiSeq Rapid Flow Cell v2	A290_Rapid_2	0	HCS 2.2.58	RTA 1.18.64	Phred+33	mm10	52	16.02	76.43	Multiplex						
AS-160620-LR-23667_R1.fastq.gz	1	cde4e95a028bd0128324034f487f29bb	DKFZ	170426_SN7001393_0382_AHJLCCBCXY	2017-04-26	1	23233464	153864	151	Set2_aNSC_Sample5	GTCCTTGA	WHOLE_GENOME	HISEQ2500	Illumina	bcl2fastq 2.18.0.12		SINGLE	7704					UNKNOWN			HiSeq Rapid Flow Cell v2	A290_Rapid_2	0	HCS 2.2.58	RTA 1.18.64	Phred+33	mm10	53	16.02	76.43	Multiplex						
AS-160622-LR-23667_R1.fastq.gz	1	c85858f61099ccb70ec55af386ecbba6	DKFZ	170426_SN7001393_0382_AHJLCCBCXY	2017-04-26	1	23445770	155270	151	Set2_aNSC_Sample6	TGCGTAAC	WHOLE_GENOME	HISEQ2500	Illumina	bcl2fastq 2.18.0.12		SINGLE	7704					UNKNOWN			HiSeq Rapid Flow Cell v2	A290_Rapid_2	0	HCS 2.2.58	RTA 1.18.64	Phred+33	mm10	53	16.02	76.43	Multiplex						
AS-160624-LR-23667_R1.fastq.gz	1	452ec36ee4814327011063db7ea144a1	DKFZ	170426_SN7001393_0382_AHJLCCBCXY	2017-04-26	1	24197599	160249	151	Set2_Prog_Sample1	CACAGACT	WHOLE_GENOME	HISEQ2500	Illumina	bcl2fastq 2.18.0.12		SINGLE	7704					UNKNOWN			HiSeq Rapid Flow Cell v2	A290_Rapid_2	0	HCS 2.2.58	RTA 1.18.64	Phred+33	mm10	52	16.02	76.43	Multiplex						
AS-160626-LR-23667_R1.fastq.gz	1	2b6a9b5ef2a922b8ce46650611adab51	DKFZ	170426_SN7001393_0382_AHJLCCBCXY	2017-04-26	1	19740079	130729	151	Set2_Prog_Sample2	TTACGTGC	WHOLE_GENOME	HISEQ2500	Illumina	bcl2fastq 2.18.0.12		SINGLE	7704					UNKNOWN			HiSeq Rapid Flow Cell v2	A290_Rapid_2	0	HCS 2.2.58	RTA 1.18.64	Phred+33	mm10	52	16.02	76.43	Multiplex						
AS-160628-LR-23667_R1.fastq.gz	1	b7066e197e6b0f9c104c9259f9f1a4b9	DKFZ	170426_SN7001393_0382_AHJLCCBCXY	2017-04-26	1	20627808	136608	151	Set2_Prog_Sample3	CCAAGGTT	WHOLE_GENOME	HISEQ2500	Illumina	bcl2fastq 2.18.0.12		SINGLE	7704					UNKNOWN			HiSeq Rapid Flow Cell v2	A290_Rapid_2	0	HCS 2.2.58	RTA 1.18.64	Phred+33	mm10	52	16.02	76.43	Multiplex						
AS-160630-LR-23667_R1.fastq.gz	1	4586e04703b1777c156fd90fe62df49f	DKFZ	170426_SN7001393_0382_AHJLCCBCXY	2017-04-26	1	24293635	160885	151	Set2_Prog_Sample4	CACGCAAT	WHOLE_GENOME	HISEQ2500	Illumina	bcl2fastq 2.18.0.12		SINGLE	7704					UNKNOWN			HiSeq Rapid Flow Cell v2	A290_Rapid_2	0	HCS 2.2.58	RTA 1.18.64	Phred+33	mm10	53	16.02	76.43	Multiplex						
AS-160632-LR-23667_R1.fastq.gz	1	1c4b30b82c0c001353c0f87404067187	DKFZ	170426_SN7001393_0382_AHJLCCBCXY	2017-04-26	1	23122781	153131	151	Set2_Neurob_Sample1	TTCCAGGT	WHOLE_GENOME	HISEQ2500	Illumina	bcl2fastq 2.18.0.12		SINGLE	7704					UNKNOWN			HiSeq Rapid Flow Cell v2	A290_Rapid_2	0	HCS 2.2.58	RTA 1.18.64	Phred+33	mm10	52	16.02	76.43	Multiplex						
AS-160634-LR-23667_R1.fastq.gz	1	f366ddccb2898d1edc29b1c7c9024562	DKFZ	170426_SN7001393_0382_AHJLCCBCXY	2017-04-26	1	25981664	172064	151	Set2_Neurob_Sample2	TCATCTCC	WHOLE_GENOME	HISEQ2500	Illumina	bcl2fastq 2.18.0.12		SINGLE	7704					UNKNOWN			HiSeq Rapid Flow Cell v2	A290_Rapid_2	0	HCS 2.2.58	RTA 1.18.64	Phred+33	mm10	51	16.02	76.43	Multiplex						
AS-160636-LR-23667_R1.fastq.gz	1	f624b01690414e6d0e6d190b4296bc97	DKFZ	170426_SN7001393_0382_AHJLCCBCXY	2017-04-26	1	20218145	133895	151	Set2_Neurob_Sample3	GAGAGTAC	WHOLE_GENOME	HISEQ2500	Illumina	bcl2fastq 2.18.0.12		SINGLE	7704					UNKNOWN			HiSeq Rapid Flow Cell v2	A290_Rapid_2	0	HCS 2.2.58	RTA 1.18.64	Phred+33	mm10	52	16.02	76.43	Multiplex						
AS-160638-LR-23667_R1.fastq.gz	1	30f89a920732833afeaff4353a398d74	DKFZ	170426_SN7001393_0382_AHJLCCBCXY	2017-04-26	1	23108436	153036	151	Set2_Neurob_Sample4	GTCGTTAC	WHOLE_GENOME	HISEQ2500	Illumina	bcl2fastq 2.18.0.12		SINGLE	7704					UNKNOWN			HiSeq Rapid Flow Cell v2	A290_Rapid_2	0	HCS 2.2.58	RTA 1.18.64	Phred+33	mm10	53	16.02	76.43	Multiplex						
AS-160640-LR-23667_R1.fastq.gz	1	0f1da43c63db147eae3b66f142b4a72f	DKFZ	170426_SN7001393_0382_AHJLCCBCXY	2017-04-26	1	19797610	131110	151	Set2_Neurob_Sample5	GGAGGAAT	WHOLE_GENOME	HISEQ2500	Illumina	bcl2fastq 2.18.0.12		SINGLE	7704					UNKNOWN			HiSeq Rapid Flow Cell v2	A290_Rapid_2	0	HCS 2.2.58	RTA 1.18.64	Phred+33	mm10	52	16.02	76.43	Multiplex						
AS-160642-LR-23667_R1.fastq.gz	1	c24ca7f822685f692631754d23bfbb7d	DKFZ	170426_SN7001393_0382_AHJLCCBCXY	2017-04-26	1	21207648	140448	151	Set3_qNSC_Sample1	AGGAACAC	WHOLE_GENOME	HISEQ2500	Illumina	bcl2fastq 2.18.0.12		SINGLE	7704					UNKNOWN			HiSeq Rapid Flow Cell v2	A290_Rapid_2	0	HCS 2.2.58	RTA 1.18.64	Phred+33	mm10	52	16.02	76.43	Multiplex						
AS-160644-LR-23667_R1.fastq.gz	1	ca9fa50f05fbf0e0bea051377b8abdfb	DKFZ	170426_SN7001393_0382_AHJLCCBCXY	2017-04-26	1	24726250	163750	151	Set3_qNSC_Sample2	CAGTGCTT	WHOLE_GENOME	HISEQ2500	Illumina	bcl2fastq 2.18.0.12		SINGLE	7704					UNKNOWN			HiSeq Rapid Flow Cell v2	A290_Rapid_2	0	HCS 2.2.58	RTA 1.18.64	Phred+33	mm10	52	16.02	76.43	Multiplex						
AS-160646-LR-23667_R1.fastq.gz	1	b03e06e7f05de6393eb8e6d30917ee1f	DKFZ	170426_SN7001393_0382_AHJLCCBCXY	2017-04-26	1	24468342	162042	151	Set3_qNSC_Sample3	CTTGCTAG	WHOLE_GENOME	HISEQ2500	Illumina	bcl2fastq 2.18.0.12		SINGLE	7704					UNKNOWN			HiSeq Rapid Flow Cell v2	A290_Rapid_2	0	HCS 2.2.58	RTA 1.18.64	Phred+33	mm10	52	16.02	76.43	Multiplex						
AS-160648-LR-23667_R1.fastq.gz	1	186c97082c19cc754f22108150069cc5	DKFZ	170426_SN7001393_0382_AHJLCCBCXY	2017-04-26	1	22921498	151798	151	Set3_aNSC_Sample1	TGGAAGCA	WHOLE_GENOME	HISEQ2500	Illumina	bcl2fastq 2.18.0.12		SINGLE	7704					UNKNOWN			HiSeq Rapid Flow Cell v2	A290_Rapid_2	0	HCS 2.2.58	RTA 1.18.64	Phred+33	mm10	52	16.02	76.43	Multiplex						
AS-160650-LR-23667_R1.fastq.gz	1	1a63a73fb53a2a879ee862803c144ffb	DKFZ	170426_SN7001393_0382_AHJLCCBCXY	2017-04-26	1	25943763	171813	151	Set3_aNSC_Sample2	AGCTAAGC	WHOLE_GENOME	HISEQ2500	Illumina	bcl2fastq 2.18.0.12		SINGLE	7704					UNKNOWN			HiSeq Rapid Flow Cell v2	A290_Rapid_2	0	HCS 2.2.58	RTA 1.18.64	Phred+33	mm10	52	16.02	76.43	Multiplex						
AS-160652-LR-23667_R1.fastq.gz	1	f81a1df0d32d7fb212999a4d1dc89d17	DKFZ	170426_SN7001393_0382_AHJLCCBCXY	2017-04-26	1	25660940	169940	151	Set3_aNSC_Sample3	GAACGGTT	WHOLE_GENOME	HISEQ2500	Illumina	bcl2fastq 2.18.0.12		SINGLE	7704					UNKNOWN			HiSeq Rapid Flow Cell v2	A290_Rapid_2	0	HCS 2.2.58	RTA 1.18.64	Phred+33	mm10	52	16.02	76.43	Multiplex						
AS-160654-LR-23667_R1.fastq.gz	1	15bf1681b307e864de642c55a461c6d8	DKFZ	170426_SN7001393_0382_AHJLCCBCXY	2017-04-26	1	22818365	151115	151	Set3_aNSC_Sample4	GGAATGTC	WHOLE_GENOME	HISEQ2500	Illumina	bcl2fastq 2.18.0.12		SINGLE	7704					UNKNOWN			HiSeq Rapid Flow Cell v2	A290_Rapid_2	0	HCS 2.2.58	RTA 1.18.64	Phred+33	mm10	52	16.02	76.43	Multiplex						
AS-160656-LR-23667_R1.fastq.gz	1	9425c78b35940504b6f4f0b6f4fe891a	DKFZ	170426_SN7001393_0382_AHJLCCBCXY	2017-04-26	1	25021455	165705	151	Set3_aNSC_Sample5	TACGGTCT	WHOLE_GENOME	HISEQ2500	Illumina	bcl2fastq 2.18.0.12		SINGLE	7704					UNKNOWN			HiSeq Rapid Flow Cell v2	A290_Rapid_2	0	HCS 2.2.58	RTA 1.18.64	Phred+33	mm10	52	16.02	76.43	Multiplex						
AS-160658-LR-23667_R1.fastq.gz	1	1dcdc6650251b9991ba5b9d4842de7da	DKFZ	170426_SN7001393_0382_AHJLCCBCXY	2017-04-26	1	23889710	158210	151	Set3_Prog_Sample1	CCAGTATC	WHOLE_GENOME	HISEQ2500	Illumina	bcl2fastq 2.18.0.12		SINGLE	7704					UNKNOWN			HiSeq Rapid Flow Cell v2	A290_Rapid_2	0	HCS 2.2.58	RTA 1.18.64	Phred+33	mm10	52	16.02	76.43	Multiplex						
AS-160660-LR-23667_R1.fastq.gz	1	5fd7fbe5c0ac725bedfa475c952f4825	DKFZ	170426_SN7001393_0382_AHJLCCBCXY	2017-04-26	1	23680273	156823	151	Set3_Prog_Sample2	TCTACGCA	WHOLE_GENOME	HISEQ2500	Illumina	bcl2fastq 2.18.0.12		SINGLE	7704					UNKNOWN			HiSeq Rapid Flow Cell v2	A290_Rapid_2	0	HCS 2.2.58	RTA 1.18.64	Phred+33	mm10	49	16.02	76.43	Multiplex						
AS-160662-LR-23667_R1.fastq.gz	1	8612c680a4207f687d6d9064b11d5cfc	DKFZ	170426_SN7001393_0382_AHJLCCBCXY	2017-04-26	1	25010583	165633	151	Set3_Prog_Sample3	GTAACCGA	WHOLE_GENOME	HISEQ2500	Illumina	bcl2fastq 2.18.0.12		SINGLE	7704					UNKNOWN			HiSeq Rapid Flow Cell v2	A290_Rapid_2	0	HCS 2.2.58	RTA 1.18.64	Phred+33	mm10	52	16.02	76.43	Multiplex						
AS-160664-LR-23667_R1.fastq.gz	1	1989365ffc382e6f1698f5075e437467	DKFZ	170426_SN7001393_0382_AHJLCCBCXY	2017-04-26	1	27772675	183925	151	Set3_Neurob_Sample1	GACGTCAT	WHOLE_GENOME	HISEQ2500	Illumina	bcl2fastq 2.18.0.12		SINGLE	7704					UNKNOWN			HiSeq Rapid Flow Cell v2	A290_Rapid_2	0	HCS 2.2.58	RTA 1.18.64	Phred+33	mm10	52	16.02	76.43	Multiplex						
AS-160666-LR-23667_R1.fastq.gz	1	259f9d28f4b3bda0c436c1ca00d4a2e8	DKFZ	170426_SN7001393_0382_AHJLCCBCXY	2017-04-26	1	25764828	170628	151	Set3_Neurob_Sample2	CTTACAGC	WHOLE_GENOME	HISEQ2500	Illumina	bcl2fastq 2.18.0.12		SINGLE	7704					UNKNOWN			HiSeq Rapid Flow Cell v2	A290_Rapid_2	0	HCS 2.2.58	RTA 1.18.64	Phred+33	mm10	51	16.02	76.43	Multiplex						
AS-160668-LR-23667_R1.fastq.gz	1	a5d63cb85eb265782f7dd4df36a3a4bf	DKFZ	170426_SN7001393_0382_AHJLCCBCXY	2017-04-26	1	26860786	177886	151	Set3_Neurob_Sample3	TCCATTGC	WHOLE_GENOME	HISEQ2500	Illumina	bcl2fastq 2.18.0.12		SINGLE	7704					UNKNOWN			HiSeq Rapid Flow Cell v2	A290_Rapid_2	0	HCS 2.2.58	RTA 1.18.64	Phred+33	mm10	52	16.02	76.43	Multiplex						
AS-160670-LR-23667_R1.fastq.gz	1	7997c595f348c5f8d79c6def7533e6c2	DKFZ	170426_SN7001393_0382_AHJLCCBCXY	2017-04-26	1	26222811	173661	151	Set3_Neurob_Sample4	AGCGAGAT	WHOLE_GENOME	HISEQ2500	Illumina	bcl2fastq 2.18.0.12		SINGLE	7704					UNKNOWN			HiSeq Rapid Flow Cell v2	A290_Rapid_2	0	HCS 2.2.58	RTA 1.18.64	Phred+33	mm10	52	16.02	76.43	Multiplex						
AS-160672-LR-23667_R1.fastq.gz	1	0dbb6ef510acab68612ecae8ea99013e	DKFZ	170426_SN7001393_0382_AHJLCCBCXY	2017-04-26	1	26303143	174193	151	Set3_Neurob_Sample5	CAATAGCC	WHOLE_GENOME	HISEQ2500	Illumina	bcl2fastq 2.18.0.12		SINGLE	7704					UNKNOWN			HiSeq Rapid Flow Cell v2	A290_Rapid_2	0	HCS 2.2.58	RTA 1.18.64	Phred+33	mm10	51	16.02	76.43	Multiplex						
AS-160674-LR-23667_R1.fastq.gz	1	bf6848386301fbfe3ed5a4d40518ced2	DKFZ	170426_SN7001393_0382_AHJLCCBCXY	2017-04-26	1	28466973	188523	151	Set4_Astro_Sample1	AAGACACC	WHOLE_GENOME	HISEQ2500	Illumina	bcl2fastq 2.18.0.12		SINGLE	7704					UNKNOWN			HiSeq Rapid Flow Cell v2	A290_Rapid_2	0	HCS 2.2.58	RTA 1.18.64	Phred+33	mm10	51	16.02	76.43	Multiplex						
AS-160676-LR-23667_R1.fastq.gz	1	37e07df2f0122819c770cc94445651da	DKFZ	170426_SN7001393_0382_AHJLCCBCXY	2017-04-26	1	25133346	166446	151	Set4_Astro_Sample2	CCAGTTGA	WHOLE_GENOME	HISEQ2500	Illumina	bcl2fastq 2.18.0.12		SINGLE	7704					UNKNOWN			HiSeq Rapid Flow Cell v2	A290_Rapid_2	0	HCS 2.2.58	RTA 1.18.64	Phred+33	mm10	52	16.02	76.43	Multiplex						
AS-160678-LR-23667_R1.fastq.gz	1	f22b2a724000af0eafa5d29f584fbe53	DKFZ	170426_SN7001393_0382_AHJLCCBCXY	2017-04-26	1	25159469	166619	151	Set4_Astro_Sample3	TGGTGAAG	WHOLE_GENOME	HISEQ2500	Illumina	bcl2fastq 2.18.0.12		SINGLE	7704					UNKNOWN			HiSeq Rapid Flow Cell v2	A290_Rapid_2	0	HCS 2.2.58	RTA 1.18.64	Phred+33	mm10	52	16.02	76.43	Multiplex						
AS-160680-LR-23667_R1.fastq.gz	1	ae28c6966fd5d78d79ff44f566c78135	DKFZ	170426_SN7001393_0382_AHJLCCBCXY	2017-04-26	1	27043647	179097	151	Set4_Astro_Sample4	AAGACCGT	WHOLE_GENOME	HISEQ2500	Illumina	bcl2fastq 2.18.0.12		SINGLE	7704					UNKNOWN			HiSeq Rapid Flow Cell v2	A290_Rapid_2	0	HCS 2.2.58	RTA 1.18.64	Phred+33	mm10	51	16.02	76.43	Multiplex						
AS-160682-LR-23667_R1.fastq.gz	1	e20efb7b1cd0b9c369e8bb1a5002a5b4	DKFZ	170426_SN7001393_0382_AHJLCCBCXY	2017-04-26	1	24578421	162771	151	Set4_Astro_Sample5	TTGCGAGA	WHOLE_GENOME	HISEQ2500	Illumina	bcl2fastq 2.18.0.12		SINGLE	7704					UNKNOWN			HiSeq Rapid Flow Cell v2	A290_Rapid_2	0	HCS 2.2.58	RTA 1.18.64	Phred+33	mm10	52	16.02	76.43	Multiplex						
AS-160684-LR-23667_R1.fastq.gz	1	6d9c5a92be1bdc7c5390c2cbbca411e0	DKFZ	170426_SN7001393_0382_AHJLCCBCXY	2017-04-26	1	25524285	169035	151	Set4_Oligo_Sample1	GCAATTCC	WHOLE_GENOME	HISEQ2500	Illumina	bcl2fastq 2.18.0.12		SINGLE	7704					UNKNOWN			HiSeq Rapid Flow Cell v2	A290_Rapid_2	0	HCS 2.2.58	RTA 1.18.64	Phred+33	mm10	52	16.02	76.43	Multiplex						
AS-160686-LR-23667_R1.fastq.gz	1	c2749941d1955af00479b30039f33084	DKFZ	170426_SN7001393_0382_AHJLCCBCXY	2017-04-26	1	24060944	159344	151	Set4_Oligo_Sample2	GAATCCGT	WHOLE_GENOME	HISEQ2500	Illumina	bcl2fastq 2.18.0.12		SINGLE	7704					UNKNOWN			HiSeq Rapid Flow Cell v2	A290_Rapid_2	0	HCS 2.2.58	RTA 1.18.64	Phred+33	mm10	52	16.02	76.43	Multiplex						
AS-160688-LR-23667_R1.fastq.gz	1	f09211ec188b0680ee6210966d30d969	DKFZ	170426_SN7001393_0382_AHJLCCBCXY	2017-04-26	1	23078236	152836	151	Set4_Oligo_Sample3	CCGCTTAA	WHOLE_GENOME	HISEQ2500	Illumina	bcl2fastq 2.18.0.12		SINGLE	7704					UNKNOWN			HiSeq Rapid Flow Cell v2	A290_Rapid_2	0	HCS 2.2.58	RTA 1.18.64	Phred+33	mm10	53	16.02	76.43	Multiplex						
AS-160690-LR-23667_R1.fastq.gz	1	4d52fcdcd410f92d93ce3570ce7bf48d	DKFZ	170426_SN7001393_0382_AHJLCCBCXY	2017-04-26	1	23779178	157478	151	Set4_Oligo_Sample4	TACCTGCA	WHOLE_GENOME	HISEQ2500	Illumina	bcl2fastq 2.18.0.12		SINGLE	7704					UNKNOWN			HiSeq Rapid Flow Cell v2	A290_Rapid_2	0	HCS 2.2.58	RTA 1.18.64	Phred+33	mm10	52	16.02	76.43	Multiplex						
AS-160692-LR-23667_R1.fastq.gz	1	ffd6ba0252472d7fd1dc2b3271037e47	DKFZ	170426_SN7001393_0382_AHJLCCBCXY	2017-04-26	1	23436710	155210	151	Set4_Oligo_Sample5	GTCGATTG	WHOLE_GENOME	HISEQ2500	Illumina	bcl2fastq 2.18.0.12		SINGLE	7704					UNKNOWN			HiSeq Rapid Flow Cell v2	A290_Rapid_2	0	HCS 2.2.58	RTA 1.18.64	Phred+33	mm10	52	16.02	76.43	Multiplex						
AS-160694-LR-23667_R1.fastq.gz	1	246c7119dcf4f3994dd409a0a4cd980e	DKFZ	170426_SN7001393_0382_AHJLCCBCXY	2017-04-26	1	26352671	174521	151	Set4_Epend_Sample1	TATGGCAC	WHOLE_GENOME	HISEQ2500	Illumina	bcl2fastq 2.18.0.12		SINGLE	7704					UNKNOWN			HiSeq Rapid Flow Cell v2	A290_Rapid_2	0	HCS 2.2.58	RTA 1.18.64	Phred+33	mm10	51	16.02	76.43	Multiplex						
AS-160696-LR-23667_R1.fastq.gz	1	f042e3f4c290a1b8b0c1f99f0b2df113	DKFZ	170426_SN7001393_0382_AHJLCCBCXY	2017-04-26	1	20438454	135354	151	Set5_Astro_Sample1	CTCGAACA	WHOLE_GENOME	HISEQ2500	Illumina	bcl2fastq 2.18.0.12		SINGLE	7704					UNKNOWN			HiSeq Rapid Flow Cell v2	A290_Rapid_2	0	HCS 2.2.58	RTA 1.18.64	Phred+33	mm10	52	16.02	76.43	Multiplex						
AS-160698-LR-23667_R1.fastq.gz	1	c909114dbc414efd78be43464358ab6a	DKFZ	170426_SN7001393_0382_AHJLCCBCXY	2017-04-26	1	27543306	182406	151	Set5_Astro_Sample2	CAACTCCA	WHOLE_GENOME	HISEQ2500	Illumina	bcl2fastq 2.18.0.12		SINGLE	7704					UNKNOWN			HiSeq Rapid Flow Cell v2	A290_Rapid_2	0	HCS 2.2.58	RTA 1.18.64	Phred+33	mm10	52	16.02	76.43	Multiplex						
AS-160700-LR-23667_R1.fastq.gz	1	658b87956efd34659556c8e79b192865	DKFZ	170426_SN7001393_0382_AHJLCCBCXY	2017-04-26	1	23554792	155992	151	Set5_Astro_Sample3	GTCATCGT	WHOLE_GENOME	HISEQ2500	Illumina	bcl2fastq 2.18.0.12		SINGLE	7704					UNKNOWN			HiSeq Rapid Flow Cell v2	A290_Rapid_2	0	HCS 2.2.58	RTA 1.18.64	Phred+33	mm10	52	16.02	76.43	Multiplex						
AS-160702-LR-23667_R1.fastq.gz	1	ab694a41815771b2565d88f6d6d21dfe	DKFZ	170426_SN7001393_0382_AHJLCCBCXY	2017-04-26	1	24445390	161890	151	Set5_Astro_Sample4	GGACATCA	WHOLE_GENOME	HISEQ2500	Illumina	bcl2fastq 2.18.0.12		SINGLE	7704					UNKNOWN			HiSeq Rapid Flow Cell v2	A290_Rapid_2	0	HCS 2.2.58	RTA 1.18.64	Phred+33	mm10	53	16.02	76.43	Multiplex						
AS-160704-LR-23667_R1.fastq.gz	1	b4c47f1e6b21f8f30624f034741dfd12	DKFZ	170426_SN7001393_0382_AHJLCCBCXY	2017-04-26	1	22866232	151432	151	Set5_Astro_Sample5	CAGGTTCA	WHOLE_GENOME	HISEQ2500	Illumina	bcl2fastq 2.18.0.12		SINGLE	7704					UNKNOWN			HiSeq Rapid Flow Cell v2	A290_Rapid_2	0	HCS 2.2.58	RTA 1.18.64	Phred+33	mm10	53	16.02	76.43	Multiplex						
AS-160706-LR-23667_R1.fastq.gz	1	9659dd02c4d0877b1dd7e46b1c73ffab	DKFZ	170426_SN7001393_0382_AHJLCCBCXY	2017-04-26	1	21266085	140835	151	Set5_Astro_Sample6	GAACGAAG	WHOLE_GENOME	HISEQ2500	Illumina	bcl2fastq 2.18.0.12		SINGLE	7704					UNKNOWN			HiSeq Rapid Flow Cell v2	A290_Rapid_2	0	HCS 2.2.58	RTA 1.18.64	Phred+33	mm10	51	16.02	76.43	Multiplex						
AS-160708-LR-23667_R1.fastq.gz	1	0833ce3b157a9d6f8ba4957378ae6943	DKFZ	170426_SN7001393_0382_AHJLCCBCXY	2017-04-26	1	22321575	147825	151	Set5_Oligo_Sample1	CTCAGAAG	WHOLE_GENOME	HISEQ2500	Illumina	bcl2fastq 2.18.0.12		SINGLE	7704					UNKNOWN			HiSeq Rapid Flow Cell v2	A290_Rapid_2	0	HCS 2.2.58	RTA 1.18.64	Phred+33	mm10	52	16.02	76.43	Multiplex						
AS-160710-LR-23667_R1.fastq.gz	1	59505d98971dbdcee17186290e5ab79b	DKFZ	170426_SN7001393_0382_AHJLCCBCXY	2017-04-26	1	22894167	151617	151	Set5_Oligo_Sample2	CATGAGCA	WHOLE_GENOME	HISEQ2500	Illumina	bcl2fastq 2.18.0.12		SINGLE	7704					UNKNOWN			HiSeq Rapid Flow Cell v2	A290_Rapid_2	0	HCS 2.2.58	RTA 1.18.64	Phred+33	mm10	52	16.02	76.43	Multiplex						
AS-160712-LR-23667_R1.fastq.gz	1	e353a6360e314255a922f4b20a35808e	DKFZ	170426_SN7001393_0382_AHJLCCBCXY	2017-04-26	1	24085406	159506	151	Set5_Oligo_Sample3	GACGAACT	WHOLE_GENOME	HISEQ2500	Illumina	bcl2fastq 2.18.0.12		SINGLE	7704					UNKNOWN			HiSeq Rapid Flow Cell v2	A290_Rapid_2	0	HCS 2.2.58	RTA 1.18.64	Phred+33	mm10	53	16.02	76.43	Multiplex						
AS-160714-LR-23667_R1.fastq.gz	1	a33efd9f63a5229616f7571258e2886d	DKFZ	170426_SN7001393_0382_AHJLCCBCXY	2017-04-26	1	25093784	166184	151	Set5_Oligo_Sample4	AGACGCTA	WHOLE_GENOME	HISEQ2500	Illumina	bcl2fastq 2.18.0.12		SINGLE	7704					UNKNOWN			HiSeq Rapid Flow Cell v2	A290_Rapid_2	0	HCS 2.2.58	RTA 1.18.64	Phred+33	mm10	51	16.02	76.43	Multiplex						
AS-160716-LR-23667_R1.fastq.gz	1	698c2a5863ab1b78523b59642fccde51	DKFZ	170426_SN7001393_0382_AHJLCCBCXY	2017-04-26	1	24258150	160650	151	Set5_Oligo_Sample5	ATAACGCC	WHOLE_GENOME	HISEQ2500	Illumina	bcl2fastq 2.18.0.12		SINGLE	7704					UNKNOWN			HiSeq Rapid Flow Cell v2	A290_Rapid_2	0	HCS 2.2.58	RTA 1.18.64	Phred+33	mm10	50	16.02	76.43	Multiplex						
AS-160718-LR-23667_R1.fastq.gz	1	94c2b2201c14424be640dbaf10e03ac6	DKFZ	170426_SN7001393_0382_AHJLCCBCXY	2017-04-26	1	23397752	154952	151	Set5_Oligo_Sample6	GAATCACC	WHOLE_GENOME	HISEQ2500	Illumina	bcl2fastq 2.18.0.12		SINGLE	7704					UNKNOWN			HiSeq Rapid Flow Cell v2	A290_Rapid_2	0	HCS 2.2.58	RTA 1.18.64	Phred+33	mm10	50	16.02	76.43	Multiplex						
AS-160720-LR-23667_R1.fastq.gz	1	53e06b70126dc37a9a4a8aef49d932d9	DKFZ	170426_SN7001393_0382_AHJLCCBCXY	2017-04-26	1	20183113	133663	151	Set5_Epend_Sample1	GGCAAGTT	WHOLE_GENOME	HISEQ2500	Illumina	bcl2fastq 2.18.0.12		SINGLE	7704					UNKNOWN			HiSeq Rapid Flow Cell v2	A290_Rapid_2	0	HCS 2.2.58	RTA 1.18.64	Phred+33	mm10	52	16.02	76.43	Multiplex						
AS-160722-LR-23667_R1.fastq.gz	1	1d0d0510a466e57cfa7f7a0e57e910dc	DKFZ	170426_SN7001393_0382_AHJLCCBCXY	2017-04-26	1	21152684	140084	151	Set6_Astro_Sample1	GATCTTGC	WHOLE_GENOME	HISEQ2500	Illumina	bcl2fastq 2.18.0.12		SINGLE	7704					UNKNOWN			HiSeq Rapid Flow Cell v2	A290_Rapid_2	0	HCS 2.2.58	RTA 1.18.64	Phred+33	mm10	52	16.02	76.43	Multiplex						
AS-160724-LR-23667_R1.fastq.gz	1	a87f7248fb57e8b8ce05ca08a7031e7f	DKFZ	170426_SN7001393_0382_AHJLCCBCXY	2017-04-26	1	23230897	153847	151	Set6_Astro_Sample2	CAATGCGA	WHOLE_GENOME	HISEQ2500	Illumina	bcl2fastq 2.18.0.12		SINGLE	7704					UNKNOWN			HiSeq Rapid Flow Cell v2	A290_Rapid_2	0	HCS 2.2.58	RTA 1.18.64	Phred+33	mm10	52	16.02	76.43	Multiplex						
AS-160726-LR-23667_R1.fastq.gz	1	8acde37586ddb83996c271f979b0eb7c	DKFZ	170426_SN7001393_0382_AHJLCCBCXY	2017-04-26	1	19487003	129053	151	Set6_Astro_Sample3	GGTGTACA	WHOLE_GENOME	HISEQ2500	Illumina	bcl2fastq 2.18.0.12		SINGLE	7704					UNKNOWN			HiSeq Rapid Flow Cell v2	A290_Rapid_2	0	HCS 2.2.58	RTA 1.18.64	Phred+33	mm10	51	16.02	76.43	Multiplex						
AS-160728-LR-23667_R1.fastq.gz	1	cbba366354d337c114f6ea1019b548f5	DKFZ	170426_SN7001393_0382_AHJLCCBCXY	2017-04-26	1	19550423	129473	151	Set6_Astro_Sample4	TAGGAGCT	WHOLE_GENOME	HISEQ2500	Illumina	bcl2fastq 2.18.0.12		SINGLE	7704					UNKNOWN			HiSeq Rapid Flow Cell v2	A290_Rapid_2	0	HCS 2.2.58	RTA 1.18.64	Phred+33	mm10	51	16.02	76.43	Multiplex						
AS-160730-LR-23667_R1.fastq.gz	1	deb976dc4f747aa6140f378bc7d8b7ec	DKFZ	170426_SN7001393_0382_AHJLCCBCXY	2017-04-26	1	21332072	141272	151	Set6_Oligo_Sample1	CGAATTGC	WHOLE_GENOME	HISEQ2500	Illumina	bcl2fastq 2.18.0.12		SINGLE	7704					UNKNOWN			HiSeq Rapid Flow Cell v2	A290_Rapid_2	0	HCS 2.2.58	RTA 1.18.64	Phred+33	mm10	52	16.02	76.43	Multiplex						
AS-160732-LR-23667_R1.fastq.gz	1	3d421d06adf52e5a0529934e89478c1f	DKFZ	170426_SN7001393_0382_AHJLCCBCXY	2017-04-26	1	23382803	154853	151	Set6_Oligo_Sample2	GTCCTAAG	WHOLE_GENOME	HISEQ2500	Illumina	bcl2fastq 2.18.0.12		SINGLE	7704					UNKNOWN			HiSeq Rapid Flow Cell v2	A290_Rapid_2	0	HCS 2.2.58	RTA 1.18.64	Phred+33	mm10	51	16.02	76.43	Multiplex						
AS-160734-LR-23667_R1.fastq.gz	1	794b74ebdfd41b8c34b9d198d7176f12	DKFZ	170426_SN7001393_0382_AHJLCCBCXY	2017-04-26	1	17056356	112956	151	Set6_Oligo_Sample3	CTTAGGAC	WHOLE_GENOME	HISEQ2500	Illumina	bcl2fastq 2.18.0.12		SINGLE	7704					UNKNOWN			HiSeq Rapid Flow Cell v2	A290_Rapid_2	0	HCS 2.2.58	RTA 1.18.64	Phred+33	mm10	52	16.02	76.43	Multiplex						
AS-160736-LR-23667_R1.fastq.gz	1	e6643b772178cd181d0d50e149f4d4e6	DKFZ	170426_SN7001393_0382_AHJLCCBCXY	2017-04-26	1	22881936	151536	151	Set6_Oligo_Sample4	TCCACGTT	WHOLE_GENOME	HISEQ2500	Illumina	bcl2fastq 2.18.0.12		SINGLE	7704					UNKNOWN			HiSeq Rapid Flow Cell v2	A290_Rapid_2	0	HCS 2.2.58	RTA 1.18.64	Phred+33	mm10	52	16.02	76.43	Multiplex						
AS-160738-LR-23667_R1.fastq.gz	1	74edf178badcc90466bd9e63ff8d8b3d	DKFZ	170426_SN7001393_0382_AHJLCCBCXY	2017-04-26	1	23862228	158028	151	Set6_Epend_Sample1	CAACACAG	WHOLE_GENOME	HISEQ2500	Illumina	bcl2fastq 2.18.0.12		SINGLE	7704					UNKNOWN			HiSeq Rapid Flow Cell v2	A290_Rapid_2	0	HCS 2.2.58	RTA 1.18.64	Phred+33	mm10	51	16.02	76.43	Multiplex						
Undetermined_1.fastq.gz	1	97338174d4893e9a068122d8cc94c812	DKFZ	170426_SN7001393_0382_AHJLCCBCXY	2017-04-26	1	2535224768	16789568	151	Undetermined_1	Undetermined	UNKNOWN	HISEQ2500	Illumina	bcl2fastq 2.18.0.12		SINGLE						UNKNOWN			HiSeq Rapid Flow Cell v2		0	HCS 2.2.58	RTA 1.18.64	Phred+33	depends on index	49	16.02	76.43							
AS-160584-LR-23668_R1.fastq.gz	1	4c77c49f45093c313be1459938f3fb41	DKFZ	170426_SN7001393_0382_AHJLCCBCXY	2017-04-26	2	23121422	153122	151	Set1_qNSC_Sample1	TTACCGAC	WHOLE_GENOME	HISEQ2500	Illumina	bcl2fastq 2.18.0.12		SINGLE	7704					UNKNOWN			HiSeq Rapid Flow Cell v2	A290_Rapid_2	0	HCS 2.2.58	RTA 1.18.64	Phred+33	mm10	52	14.0	76.46	Multiplex			False			
AS-160586-LR-23668_R1.fastq.gz	1	9662655a1c4d87421d643043f0266683	DKFZ	170426_SN7001393_0382_AHJLCCBCXY	2017-04-26	2	22150945	146695	151	Set1_aNSC_Sample1	AGTGACCT	WHOLE_GENOME	HISEQ2500	Illumina	bcl2fastq 2.18.0.12		SINGLE	7704					UNKNOWN			HiSeq Rapid Flow Cell v2	A290_Rapid_2	0	HCS 2.2.58	RTA 1.18.64	Phred+33	mm10	52	14.0	76.46	Multiplex						
AS-160588-LR-23668_R1.fastq.gz	1	b7581c0e3b083d0a925e3570bae64ce7	DKFZ	170426_SN7001393_0382_AHJLCCBCXY	2017-04-26	2	17713961	117311	151	Set1_aNSC_Sample2	TCGGATTC	WHOLE_GENOME	HISEQ2500	Illumina	bcl2fastq 2.18.0.12		SINGLE	7704					UNKNOWN			HiSeq Rapid Flow Cell v2	A290_Rapid_2	0	HCS 2.2.58	RTA 1.18.64	Phred+33	mm10	53	14.0	76.46	Multiplex						
AS-160590-LR-23668_R1.fastq.gz	1	473c0125794eaba504516d06ea4fe5c6	DKFZ	170426_SN7001393_0382_AHJLCCBCXY	2017-04-26	2	16959414	112314	151	Set1_Prog_Sample1	CAAGGTAC	WHOLE_GENOME	HISEQ2500	Illumina	bcl2fastq 2.18.0.12		SINGLE	7704					UNKNOWN			HiSeq Rapid Flow Cell v2	A290_Rapid_2	0	HCS 2.2.58	RTA 1.18.64	Phred+33	mm10	53	14.0	76.46	Multiplex						
AS-160592-LR-23668_R1.fastq.gz	1	dc835123079f032f55717d238ecfcd41	DKFZ	170426_SN7001393_0382_AHJLCCBCXY	2017-04-26	2	22331541	147891	151	Set1_Prog_Sample2	TCCTCATG	WHOLE_GENOME	HISEQ2500	Illumina	bcl2fastq 2.18.0.12		SINGLE	7704					UNKNOWN			HiSeq Rapid Flow Cell v2	A290_Rapid_2	0	HCS 2.2.58	RTA 1.18.64	Phred+33	mm10	53	14.0	76.46	Multiplex						
AS-160594-LR-23668_R1.fastq.gz	1	b8d01dbbff186f6a00baab6214aac6c9	DKFZ	170426_SN7001393_0382_AHJLCCBCXY	2017-04-26	2	21959628	145428	151	Set1_Prog_Sample3	GTCAGTCA	WHOLE_GENOME	HISEQ2500	Illumina	bcl2fastq 2.18.0.12		SINGLE	7704					UNKNOWN			HiSeq Rapid Flow Cell v2	A290_Rapid_2	0	HCS 2.2.58	RTA 1.18.64	Phred+33	mm10	53	14.0	76.46	Multiplex						
AS-160596-LR-23668_R1.fastq.gz	1	330914b37143b6b2cf0aff70436fd7dc	DKFZ	170426_SN7001393_0382_AHJLCCBCXY	2017-04-26	2	17763942	117642	151	Set1_Neurob_Sample1	CGAATACG	WHOLE_GENOME	HISEQ2500	Illumina	bcl2fastq 2.18.0.12		SINGLE	7704					UNKNOWN			HiSeq Rapid Flow Cell v2	A290_Rapid_2	0	HCS 2.2.58	RTA 1.18.64	Phred+33	mm10	53	14.0	76.46	Multiplex						
AS-160598-LR-23668_R1.fastq.gz	1	67e45b318b18f4516aa28ecfe6ae739f	DKFZ	170426_SN7001393_0382_AHJLCCBCXY	2017-04-26	2	22531314	149214	151	Set1_Neurob_Sample2	TCTAGGAG	WHOLE_GENOME	HISEQ2500	Illumina	bcl2fastq 2.18.0.12		SINGLE	7704					UNKNOWN			HiSeq Rapid Flow Cell v2	A290_Rapid_2	0	HCS 2.2.58	RTA 1.18.64	Phred+33	mm10	52	14.0	76.46	Multiplex						
AS-160600-LR-23668_R1.fastq.gz	1	ecbda25ab0e94328a845ec3fbdf23f46	DKFZ	170426_SN7001393_0382_AHJLCCBCXY	2017-04-26	2	21950115	145365	151	Set1_Neurob_Sample3	CGCAACTA	WHOLE_GENOME	HISEQ2500	Illumina	bcl2fastq 2.18.0.12		SINGLE	7704					UNKNOWN			HiSeq Rapid Flow Cell v2	A290_Rapid_2	0	HCS 2.2.58	RTA 1.18.64	Phred+33	mm10	53	14.0	76.46	Multiplex						
AS-160602-LR-23668_R1.fastq.gz	1	f38fa9dc591f0c91e162552bc3283d93	DKFZ	170426_SN7001393_0382_AHJLCCBCXY	2017-04-26	2	15256889	101039	151	Set2_qNSC_Sample1	CGTATCTC	WHOLE_GENOME	HISEQ2500	Illumina	bcl2fastq 2.18.0.12		SINGLE	7704					UNKNOWN			HiSeq Rapid Flow Cell v2	A290_Rapid_2	0	HCS 2.2.58	RTA 1.18.64	Phred+33	mm10	52	14.0	76.46	Multiplex						
AS-160604-LR-23668_R1.fastq.gz	1	ae87c367c5ec01ad70afa2427a232d0b	DKFZ	170426_SN7001393_0382_AHJLCCBCXY	2017-04-26	2	18187799	120449	151	Set2_qNSC_Sample2	GTACACCT	WHOLE_GENOME	HISEQ2500	Illumina	bcl2fastq 2.18.0.12		SINGLE	7704					UNKNOWN			HiSeq Rapid Flow Cell v2	A290_Rapid_2	0	HCS 2.2.58	RTA 1.18.64	Phred+33	mm10	52	14.0	76.46	Multiplex						
AS-160606-LR-23668_R1.fastq.gz	1	aaec8840163418b4a44a7ca7146fe186	DKFZ	170426_SN7001393_0382_AHJLCCBCXY	2017-04-26	2	21364537	141487	151	Set2_qNSC_Sample3	CGGCATTA	WHOLE_GENOME	HISEQ2500	Illumina	bcl2fastq 2.18.0.12		SINGLE	7704					UNKNOWN			HiSeq Rapid Flow Cell v2	A290_Rapid_2	0	HCS 2.2.58	RTA 1.18.64	Phred+33	mm10	53	14.0	76.46	Multiplex						
AS-160608-LR-23668_R1.fastq.gz	1	55c60f236eb8ae21acfa2fc320445a1a	DKFZ	170426_SN7001393_0382_AHJLCCBCXY	2017-04-26	2	22710853	150403	151	Set2_qNSC_Sample4	TCGTCTGA	WHOLE_GENOME	HISEQ2500	Illumina	bcl2fastq 2.18.0.12		SINGLE	7704					UNKNOWN			HiSeq Rapid Flow Cell v2	A290_Rapid_2	0	HCS 2.2.58	RTA 1.18.64	Phred+33	mm10	53	14.0	76.46	Multiplex						
AS-160610-LR-23668_R1.fastq.gz	1	4d0eb2e5682a9f517bc82111dcca8e9e	DKFZ	170426_SN7001393_0382_AHJLCCBCXY	2017-04-26	2	21693264	143664	151	Set2_qNSC_Sample5	AGCCTATC	WHOLE_GENOME	HISEQ2500	Illumina	bcl2fastq 2.18.0.12		SINGLE	7704					UNKNOWN			HiSeq Rapid Flow Cell v2	A290_Rapid_2	0	HCS 2.2.58	RTA 1.18.64	Phred+33	mm10	53	14.0	76.46	Multiplex						
AS-160612-LR-23668_R1.fastq.gz	1	7cf2c93f3bfbd2f59ca97c6a0c0992a9	DKFZ	170426_SN7001393_0382_AHJLCCBCXY	2017-04-26	2	20495683	135733	151	Set2_aNSC_Sample1	CTGTACCA	WHOLE_GENOME	HISEQ2500	Illumina	bcl2fastq 2.18.0.12		SINGLE	7704					UNKNOWN			HiSeq Rapid Flow Cell v2	A290_Rapid_2	0	HCS 2.2.58	RTA 1.18.64	Phred+33	mm10	53	14.0	76.46	Multiplex						
AS-160614-LR-23668_R1.fastq.gz	1	e6d6adf153f9bd5bfff5b62f040ccb48	DKFZ	170426_SN7001393_0382_AHJLCCBCXY	2017-04-26	2	22690015	150265	151	Set2_aNSC_Sample2	AGACCTTG	WHOLE_GENOME	HISEQ2500	Illumina	bcl2fastq 2.18.0.12		SINGLE	7704					UNKNOWN			HiSeq Rapid Flow Cell v2	A290_Rapid_2	0	HCS 2.2.58	RTA 1.18.64	Phred+33	mm10	52	14.0	76.46	Multiplex						
AS-160616-LR-23668_R1.fastq.gz	1	f02e101df3d5e07318df89bffc239f5b	DKFZ	170426_SN7001393_0382_AHJLCCBCXY	2017-04-26	2	8760416	58016	151	Set2_aNSC_Sample3	AGGATAGC	WHOLE_GENOME	HISEQ2500	Illumina	bcl2fastq 2.18.0.12		SINGLE	7704					UNKNOWN			HiSeq Rapid Flow Cell v2	A290_Rapid_2	0	HCS 2.2.58	RTA 1.18.64	Phred+33	mm10	51	14.0	76.46	Multiplex						
AS-160618-LR-23668_R1.fastq.gz	1	594c656163fbd3a3e24a62791166a10c	DKFZ	170426_SN7001393_0382_AHJLCCBCXY	2017-04-26	2	18673717	123667	151	Set2_aNSC_Sample4	CCTTCCAT	WHOLE_GENOME	HISEQ2500	Illumina	bcl2fastq 2.18.0.12		SINGLE	7704					UNKNOWN			HiSeq Rapid Flow Cell v2	A290_Rapid_2	0	HCS 2.2.58	RTA 1.18.64	Phred+33	mm10	52	14.0	76.46	Multiplex						
AS-160620-LR-23668_R1.fastq.gz	1	2698cab1c3912d133261bdec8ee85b5c	DKFZ	170426_SN7001393_0382_AHJLCCBCXY	2017-04-26	2	20473788	135588	151	Set2_aNSC_Sample5	GTCCTTGA	WHOLE_GENOME	HISEQ2500	Illumina	bcl2fastq 2.18.0.12		SINGLE	7704					UNKNOWN			HiSeq Rapid Flow Cell v2	A290_Rapid_2	0	HCS 2.2.58	RTA 1.18.64	Phred+33	mm10	53	14.0	76.46	Multiplex						
AS-160622-LR-23668_R1.fastq.gz	1	52abf3ee62bd07746557d7a58aca6048	DKFZ	170426_SN7001393_0382_AHJLCCBCXY	2017-04-26	2	20565445	136195	151	Set2_aNSC_Sample6	TGCGTAAC	WHOLE_GENOME	HISEQ2500	Illumina	bcl2fastq 2.18.0.12		SINGLE	7704					UNKNOWN			HiSeq Rapid Flow Cell v2	A290_Rapid_2	0	HCS 2.2.58	RTA 1.18.64	Phred+33	mm10	53	14.0	76.46	Multiplex						
AS-160624-LR-23668_R1.fastq.gz	1	cd950efaa7ce1d7c5236f2e45cc88b08	DKFZ	170426_SN7001393_0382_AHJLCCBCXY	2017-04-26	2	21620633	143183	151	Set2_Prog_Sample1	CACAGACT	WHOLE_GENOME	HISEQ2500	Illumina	bcl2fastq 2.18.0.12		SINGLE	7704					UNKNOWN			HiSeq Rapid Flow Cell v2	A290_Rapid_2	0	HCS 2.2.58	RTA 1.18.64	Phred+33	mm10	52	14.0	76.46	Multiplex						
AS-160626-LR-23668_R1.fastq.gz	1	8188e73b27aa7dee810895ff099a5686	DKFZ	170426_SN7001393_0382_AHJLCCBCXY	2017-04-26	2	17265038	114338	151	Set2_Prog_Sample2	TTACGTGC	WHOLE_GENOME	HISEQ2500	Illumina	bcl2fastq 2.18.0.12		SINGLE	7704					UNKNOWN			HiSeq Rapid Flow Cell v2	A290_Rapid_2	0	HCS 2.2.58	RTA 1.18.64	Phred+33	mm10	52	14.0	76.46	Multiplex						
AS-160628-LR-23668_R1.fastq.gz	1	e13c4244ec2a558c80b2586e78a6707a	DKFZ	170426_SN7001393_0382_AHJLCCBCXY	2017-04-26	2	18079230	119730	151	Set2_Prog_Sample3	CCAAGGTT	WHOLE_GENOME	HISEQ2500	Illumina	bcl2fastq 2.18.0.12		SINGLE	7704					UNKNOWN			HiSeq Rapid Flow Cell v2	A290_Rapid_2	0	HCS 2.2.58	RTA 1.18.64	Phred+33	mm10	52	14.0	76.46	Multiplex						
AS-160630-LR-23668_R1.fastq.gz	1	c6ee01f1563778f0acd34b3d5f8fd6e0	DKFZ	170426_SN7001393_0382_AHJLCCBCXY	2017-04-26	2	21640414	143314	151	Set2_Prog_Sample4	CACGCAAT	WHOLE_GENOME	HISEQ2500	Illumina	bcl2fastq 2.18.0.12		SINGLE	7704					UNKNOWN			HiSeq Rapid Flow Cell v2	A290_Rapid_2	0	HCS 2.2.58	RTA 1.18.64	Phred+33	mm10	53	14.0	76.46	Multiplex						
AS-160632-LR-23668_R1.fastq.gz	1	43cf414c60393de44c4b6a4762abe1f9	DKFZ	170426_SN7001393_0382_AHJLCCBCXY	2017-04-26	2	20490247	135697	151	Set2_Neurob_Sample1	TTCCAGGT	WHOLE_GENOME	HISEQ2500	Illumina	bcl2fastq 2.18.0.12		SINGLE	7704					UNKNOWN			HiSeq Rapid Flow Cell v2	A290_Rapid_2	0	HCS 2.2.58	RTA 1.18.64	Phred+33	mm10	52	14.0	76.46	Multiplex						
AS-160634-LR-23668_R1.fastq.gz	1	f4b47498712e04e746c46bf5336e5aab	DKFZ	170426_SN7001393_0382_AHJLCCBCXY	2017-04-26	2	23208851	153701	151	Set2_Neurob_Sample2	TCATCTCC	WHOLE_GENOME	HISEQ2500	Illumina	bcl2fastq 2.18.0.12		SINGLE	7704					UNKNOWN			HiSeq Rapid Flow Cell v2	A290_Rapid_2	0	HCS 2.2.58	RTA 1.18.64	Phred+33	mm10	51	14.0	76.46	Multiplex						
AS-160636-LR-23668_R1.fastq.gz	1	85182c3539ddd056444d16a7979eb434	DKFZ	170426_SN7001393_0382_AHJLCCBCXY	2017-04-26	2	17368624	115024	151	Set2_Neurob_Sample3	GAGAGTAC	WHOLE_GENOME	HISEQ2500	Illumina	bcl2fastq 2.18.0.12		SINGLE	7704					UNKNOWN			HiSeq Rapid Flow Cell v2	A290_Rapid_2	0	HCS 2.2.58	RTA 1.18.64	Phred+33	mm10	52	14.0	76.46	Multiplex						
AS-160638-LR-23668_R1.fastq.gz	1	34b45caa9a677bca675188ba3b966576	DKFZ	170426_SN7001393_0382_AHJLCCBCXY	2017-04-26	2	20161067	133517	151	Set2_Neurob_Sample4	GTCGTTAC	WHOLE_GENOME	HISEQ2500	Illumina	bcl2fastq 2.18.0.12		SINGLE	7704					UNKNOWN			HiSeq Rapid Flow Cell v2	A290_Rapid_2	0	HCS 2.2.58	RTA 1.18.64	Phred+33	mm10	53	14.0	76.46	Multiplex						
AS-160640-LR-23668_R1.fastq.gz	1	0ee2e801a3d8295d1576956aa4c23379	DKFZ	170426_SN7001393_0382_AHJLCCBCXY	2017-04-26	2	17091237	113187	151	Set2_Neurob_Sample5	GGAGGAAT	WHOLE_GENOME	HISEQ2500	Illumina	bcl2fastq 2.18.0.12		SINGLE	7704					UNKNOWN			HiSeq Rapid Flow Cell v2	A290_Rapid_2	0	HCS 2.2.58	RTA 1.18.64	Phred+33	mm10	52	14.0	76.46	Multiplex						
AS-160642-LR-23668_R1.fastq.gz	1	2ee0985dec0d7a72cc59630d07dc211e	DKFZ	170426_SN7001393_0382_AHJLCCBCXY	2017-04-26	2	18489044	122444	151	Set3_qNSC_Sample1	AGGAACAC	WHOLE_GENOME	HISEQ2500	Illumina	bcl2fastq 2.18.0.12		SINGLE	7704					UNKNOWN			HiSeq Rapid Flow Cell v2	A290_Rapid_2	0	HCS 2.2.58	RTA 1.18.64	Phred+33	mm10	52	14.0	76.46	Multiplex						
AS-160644-LR-23668_R1.fastq.gz	1	bc02759e6559a31eae1c43b982565550	DKFZ	170426_SN7001393_0382_AHJLCCBCXY	2017-04-26	2	21686016	143616	151	Set3_qNSC_Sample2	CAGTGCTT	WHOLE_GENOME	HISEQ2500	Illumina	bcl2fastq 2.18.0.12		SINGLE	7704					UNKNOWN			HiSeq Rapid Flow Cell v2	A290_Rapid_2	0	HCS 2.2.58	RTA 1.18.64	Phred+33	mm10	52	14.0	76.46	Multiplex						
AS-160646-LR-23668_R1.fastq.gz	1	476315992d9c52ce2037d953672ba856	DKFZ	170426_SN7001393_0382_AHJLCCBCXY	2017-04-26	2	22025011	145861	151	Set3_qNSC_Sample3	CTTGCTAG	WHOLE_GENOME	HISEQ2500	Illumina	bcl2fastq 2.18.0.12		SINGLE	7704					UNKNOWN			HiSeq Rapid Flow Cell v2	A290_Rapid_2	0	HCS 2.2.58	RTA 1.18.64	Phred+33	mm10	52	14.0	76.46	Multiplex						
AS-160648-LR-23668_R1.fastq.gz	1	95bb48cdf48c4b405ada5788ef9e8e3e	DKFZ	170426_SN7001393_0382_AHJLCCBCXY	2017-04-26	2	19992400	132400	151	Set3_aNSC_Sample1	TGGAAGCA	WHOLE_GENOME	HISEQ2500	Illumina	bcl2fastq 2.18.0.12		SINGLE	7704					UNKNOWN			HiSeq Rapid Flow Cell v2	A290_Rapid_2	0	HCS 2.2.58	RTA 1.18.64	Phred+33	mm10	52	14.0	76.46	Multiplex						
AS-160650-LR-23668_R1.fastq.gz	1	b21058f3df1c0261643c5a7d2096ba25	DKFZ	170426_SN7001393_0382_AHJLCCBCXY	2017-04-26	2	22487826	148926	151	Set3_aNSC_Sample2	AGCTAAGC	WHOLE_GENOME	HISEQ2500	Illumina	bcl2fastq 2.18.0.12		SINGLE	7704					UNKNOWN			HiSeq Rapid Flow Cell v2	A290_Rapid_2	0	HCS 2.2.58	RTA 1.18.64	Phred+33	mm10	52	14.0	76.46	Multiplex						
AS-160652-LR-23668_R1.fastq.gz	1	df27f5de9d6d5fe878ec638a367ca108	DKFZ	170426_SN7001393_0382_AHJLCCBCXY	2017-04-26	2	22760683	150733	151	Set3_aNSC_Sample3	GAACGGTT	WHOLE_GENOME	HISEQ2500	Illumina	bcl2fastq 2.18.0.12		SINGLE	7704					UNKNOWN			HiSeq Rapid Flow Cell v2	A290_Rapid_2	0	HCS 2.2.58	RTA 1.18.64	Phred+33	mm10	52	14.0	76.46	Multiplex						
AS-160654-LR-23668_R1.fastq.gz	1	3f47d91d5406733bf04baed159d6b55f	DKFZ	170426_SN7001393_0382_AHJLCCBCXY	2017-04-26	2	20208481	133831	151	Set3_aNSC_Sample4	GGAATGTC	WHOLE_GENOME	HISEQ2500	Illumina	bcl2fastq 2.18.0.12		SINGLE	7704					UNKNOWN			HiSeq Rapid Flow Cell v2	A290_Rapid_2	0	HCS 2.2.58	RTA 1.18.64	Phred+33	mm10	52	14.0	76.46	Multiplex						
AS-160656-LR-23668_R1.fastq.gz	1	ac5c0e9090a322a4f964f31b44190b1e	DKFZ	170426_SN7001393_0382_AHJLCCBCXY	2017-04-26	2	22050983	146033	151	Set3_aNSC_Sample5	TACGGTCT	WHOLE_GENOME	HISEQ2500	Illumina	bcl2fastq 2.18.0.12		SINGLE	7704					UNKNOWN			HiSeq Rapid Flow Cell v2	A290_Rapid_2	0	HCS 2.2.58	RTA 1.18.64	Phred+33	mm10	52	14.0	76.46	Multiplex						
AS-160658-LR-23668_R1.fastq.gz	1	2ae2a01980cbadb9253714edc26a33cc	DKFZ	170426_SN7001393_0382_AHJLCCBCXY	2017-04-26	2	20841473	138023	151	Set3_Prog_Sample1	CCAGTATC	WHOLE_GENOME	HISEQ2500	Illumina	bcl2fastq 2.18.0.12		SINGLE	7704					UNKNOWN			HiSeq Rapid Flow Cell v2	A290_Rapid_2	0	HCS 2.2.58	RTA 1.18.64	Phred+33	mm10	52	14.0	76.46	Multiplex						
AS-160660-LR-23668_R1.fastq.gz	1	a15b7992470cb6cada46f855a9121104	DKFZ	170426_SN7001393_0382_AHJLCCBCXY	2017-04-26	2	21396851	141701	151	Set3_Prog_Sample2	TCTACGCA	WHOLE_GENOME	HISEQ2500	Illumina	bcl2fastq 2.18.0.12		SINGLE	7704					UNKNOWN			HiSeq Rapid Flow Cell v2	A290_Rapid_2	0	HCS 2.2.58	RTA 1.18.64	Phred+33	mm10	49	14.0	76.46	Multiplex						
AS-160662-LR-23668_R1.fastq.gz	1	436b997b5646a09ac7d29193a276e947	DKFZ	170426_SN7001393_0382_AHJLCCBCXY	2017-04-26	2	22288506	147606	151	Set3_Prog_Sample3	GTAACCGA	WHOLE_GENOME	HISEQ2500	Illumina	bcl2fastq 2.18.0.12		SINGLE	7704					UNKNOWN			HiSeq Rapid Flow Cell v2	A290_Rapid_2	0	HCS 2.2.58	RTA 1.18.64	Phred+33	mm10	52	14.0	76.46	Multiplex						
AS-160664-LR-23668_R1.fastq.gz	1	6ca6b5b5af9539959ec3a354ace186bb	DKFZ	170426_SN7001393_0382_AHJLCCBCXY	2017-04-26	2	24451430	161930	151	Set3_Neurob_Sample1	GACGTCAT	WHOLE_GENOME	HISEQ2500	Illumina	bcl2fastq 2.18.0.12		SINGLE	7704					UNKNOWN			HiSeq Rapid Flow Cell v2	A290_Rapid_2	0	HCS 2.2.58	RTA 1.18.64	Phred+33	mm10	52	14.0	76.46	Multiplex						
AS-160666-LR-23668_R1.fastq.gz	1	0a9b487e060728dc013a7940e347d792	DKFZ	170426_SN7001393_0382_AHJLCCBCXY	2017-04-26	2	22851132	151332	151	Set3_Neurob_Sample2	CTTACAGC	WHOLE_GENOME	HISEQ2500	Illumina	bcl2fastq 2.18.0.12		SINGLE	7704					UNKNOWN			HiSeq Rapid Flow Cell v2	A290_Rapid_2	0	HCS 2.2.58	RTA 1.18.64	Phred+33	mm10	51	14.0	76.46	Multiplex						
AS-160668-LR-23668_R1.fastq.gz	1	2b673e82fafb60c85d26af349e4f7a67	DKFZ	170426_SN7001393_0382_AHJLCCBCXY	2017-04-26	2	23202207	153657	151	Set3_Neurob_Sample3	TCCATTGC	WHOLE_GENOME	HISEQ2500	Illumina	bcl2fastq 2.18.0.12		SINGLE	7704					UNKNOWN			HiSeq Rapid Flow Cell v2	A290_Rapid_2	0	HCS 2.2.58	RTA 1.18.64	Phred+33	mm10	52	14.0	76.46	Multiplex						
AS-160670-LR-23668_R1.fastq.gz	1	d348232c2b7e2c63c037ee1e9c5ffafd	DKFZ	170426_SN7001393_0382_AHJLCCBCXY	2017-04-26	2	22485863	148913	151	Set3_Neurob_Sample4	AGCGAGAT	WHOLE_GENOME	HISEQ2500	Illumina	bcl2fastq 2.18.0.12		SINGLE	7704					UNKNOWN			HiSeq Rapid Flow Cell v2	A290_Rapid_2	0	HCS 2.2.58	RTA 1.18.64	Phred+33	mm10	52	14.0	76.46	Multiplex						
AS-160672-LR-23668_R1.fastq.gz	1	2b57f89cd43162a5b8aeb84f6ce1fcd6	DKFZ	170426_SN7001393_0382_AHJLCCBCXY	2017-04-26	2	23331463	154513	151	Set3_Neurob_Sample5	CAATAGCC	WHOLE_GENOME	HISEQ2500	Illumina	bcl2fastq 2.18.0.12		SINGLE	7704					UNKNOWN			HiSeq Rapid Flow Cell v2	A290_Rapid_2	0	HCS 2.2.58	RTA 1.18.64	Phred+33	mm10	52	14.0	76.46	Multiplex						
AS-160674-LR-23668_R1.fastq.gz	1	713fd2e74f56dc2546db7ebb7e1273bf	DKFZ	170426_SN7001393_0382_AHJLCCBCXY	2017-04-26	2	24918775	165025	151	Set4_Astro_Sample1	AAGACACC	WHOLE_GENOME	HISEQ2500	Illumina	bcl2fastq 2.18.0.12		SINGLE	7704					UNKNOWN			HiSeq Rapid Flow Cell v2	A290_Rapid_2	0	HCS 2.2.58	RTA 1.18.64	Phred+33	mm10	52	14.0	76.46	Multiplex						
AS-160676-LR-23668_R1.fastq.gz	1	f32f97ab979c00feab5e091e291a6356	DKFZ	170426_SN7001393_0382_AHJLCCBCXY	2017-04-26	2	21686922	143622	151	Set4_Astro_Sample2	CCAGTTGA	WHOLE_GENOME	HISEQ2500	Illumina	bcl2fastq 2.18.0.12		SINGLE	7704					UNKNOWN			HiSeq Rapid Flow Cell v2	A290_Rapid_2	0	HCS 2.2.58	RTA 1.18.64	Phred+33	mm10	52	14.0	76.46	Multiplex						
AS-160678-LR-23668_R1.fastq.gz	1	43ad8629161daeab8aec5e39c4a534e8	DKFZ	170426_SN7001393_0382_AHJLCCBCXY	2017-04-26	2	22020783	145833	151	Set4_Astro_Sample3	TGGTGAAG	WHOLE_GENOME	HISEQ2500	Illumina	bcl2fastq 2.18.0.12		SINGLE	7704					UNKNOWN			HiSeq Rapid Flow Cell v2	A290_Rapid_2	0	HCS 2.2.58	RTA 1.18.64	Phred+33	mm10	52	14.0	76.46	Multiplex						
AS-160680-LR-23668_R1.fastq.gz	1	621b2eb90436df3d25db7622b11cd6e1	DKFZ	170426_SN7001393_0382_AHJLCCBCXY	2017-04-26	2	23548752	155952	151	Set4_Astro_Sample4	AAGACCGT	WHOLE_GENOME	HISEQ2500	Illumina	bcl2fastq 2.18.0.12		SINGLE	7704					UNKNOWN			HiSeq Rapid Flow Cell v2	A290_Rapid_2	0	HCS 2.2.58	RTA 1.18.64	Phred+33	mm10	51	14.0	76.46	Multiplex						
AS-160682-LR-23668_R1.fastq.gz	1	90d3fb0675bb0ccbf592be5a2b1073ff	DKFZ	170426_SN7001393_0382_AHJLCCBCXY	2017-04-26	2	21494850	142350	151	Set4_Astro_Sample5	TTGCGAGA	WHOLE_GENOME	HISEQ2500	Illumina	bcl2fastq 2.18.0.12		SINGLE	7704					UNKNOWN			HiSeq Rapid Flow Cell v2	A290_Rapid_2	0	HCS 2.2.58	RTA 1.18.64	Phred+33	mm10	52	14.0	76.46	Multiplex						
AS-160684-LR-23668_R1.fastq.gz	1	a9df2384cc56486cb548330b9ebfd472	DKFZ	170426_SN7001393_0382_AHJLCCBCXY	2017-04-26	2	22734107	150557	151	Set4_Oligo_Sample1	GCAATTCC	WHOLE_GENOME	HISEQ2500	Illumina	bcl2fastq 2.18.0.12		SINGLE	7704					UNKNOWN			HiSeq Rapid Flow Cell v2	A290_Rapid_2	0	HCS 2.2.58	RTA 1.18.64	Phred+33	mm10	52	14.0	76.46	Multiplex						
AS-160686-LR-23668_R1.fastq.gz	1	f8a7684f79e41852185895cd7246341b	DKFZ	170426_SN7001393_0382_AHJLCCBCXY	2017-04-26	2	21655514	143414	151	Set4_Oligo_Sample2	GAATCCGT	WHOLE_GENOME	HISEQ2500	Illumina	bcl2fastq 2.18.0.12		SINGLE	7704					UNKNOWN			HiSeq Rapid Flow Cell v2	A290_Rapid_2	0	HCS 2.2.58	RTA 1.18.64	Phred+33	mm10	52	14.0	76.46	Multiplex						
AS-160688-LR-23668_R1.fastq.gz	1	c67dc558c78c1b97a5c4731333b90e48	DKFZ	170426_SN7001393_0382_AHJLCCBCXY	2017-04-26	2	20137662	133362	151	Set4_Oligo_Sample3	CCGCTTAA	WHOLE_GENOME	HISEQ2500	Illumina	bcl2fastq 2.18.0.12		SINGLE	7704					UNKNOWN			HiSeq Rapid Flow Cell v2	A290_Rapid_2	0	HCS 2.2.58	RTA 1.18.64	Phred+33	mm10	53	14.0	76.46	Multiplex						
AS-160690-LR-23668_R1.fastq.gz	1	cad14f98039e1e44db506966ee1d80b1	DKFZ	170426_SN7001393_0382_AHJLCCBCXY	2017-04-26	2	21127165	139915	151	Set4_Oligo_Sample4	TACCTGCA	WHOLE_GENOME	HISEQ2500	Illumina	bcl2fastq 2.18.0.12		SINGLE	7704					UNKNOWN			HiSeq Rapid Flow Cell v2	A290_Rapid_2	0	HCS 2.2.58	RTA 1.18.64	Phred+33	mm10	52	14.0	76.46	Multiplex						
AS-160692-LR-23668_R1.fastq.gz	1	f416bab0551c9916ffd0102b6b69a90b	DKFZ	170426_SN7001393_0382_AHJLCCBCXY	2017-04-26	2	20561217	136167	151	Set4_Oligo_Sample5	GTCGATTG	WHOLE_GENOME	HISEQ2500	Illumina	bcl2fastq 2.18.0.12		SINGLE	7704					UNKNOWN			HiSeq Rapid Flow Cell v2	A290_Rapid_2	0	HCS 2.2.58	RTA 1.18.64	Phred+33	mm10	52	14.0	76.46	Multiplex						
AS-160694-LR-23668_R1.fastq.gz	1	c3b208f850b8d37a99f49bf5033cb6f5	DKFZ	170426_SN7001393_0382_AHJLCCBCXY	2017-04-26	2	23311833	154383	151	Set4_Epend_Sample1	TATGGCAC	WHOLE_GENOME	HISEQ2500	Illumina	bcl2fastq 2.18.0.12		SINGLE	7704					UNKNOWN			HiSeq Rapid Flow Cell v2	A290_Rapid_2	0	HCS 2.2.58	RTA 1.18.64	Phred+33	mm10	51	14.0	76.46	Multiplex						
AS-160696-LR-23668_R1.fastq.gz	1	85b93c2e8834e9c25b86ae2044d09536	DKFZ	170426_SN7001393_0382_AHJLCCBCXY	2017-04-26	2	17833855	118105	151	Set5_Astro_Sample1	CTCGAACA	WHOLE_GENOME	HISEQ2500	Illumina	bcl2fastq 2.18.0.12		SINGLE	7704					UNKNOWN			HiSeq Rapid Flow Cell v2	A290_Rapid_2	0	HCS 2.2.58	RTA 1.18.64	Phred+33	mm10	52	14.0	76.46	Multiplex						
AS-160698-LR-23668_R1.fastq.gz	1	e23a5c25e49b4e4da8ad34c13c8f3df2	DKFZ	170426_SN7001393_0382_AHJLCCBCXY	2017-04-26	2	24093409	159559	151	Set5_Astro_Sample2	CAACTCCA	WHOLE_GENOME	HISEQ2500	Illumina	bcl2fastq 2.18.0.12		SINGLE	7704					UNKNOWN			HiSeq Rapid Flow Cell v2	A290_Rapid_2	0	HCS 2.2.58	RTA 1.18.64	Phred+33	mm10	52	14.0	76.46	Multiplex						
AS-160700-LR-23668_R1.fastq.gz	1	6402d470db8da2560d5ec4abfe3af3da	DKFZ	170426_SN7001393_0382_AHJLCCBCXY	2017-04-26	2	20854912	138112	151	Set5_Astro_Sample3	GTCATCGT	WHOLE_GENOME	HISEQ2500	Illumina	bcl2fastq 2.18.0.12		SINGLE	7704					UNKNOWN			HiSeq Rapid Flow Cell v2	A290_Rapid_2	0	HCS 2.2.58	RTA 1.18.64	Phred+33	mm10	52	14.0	76.46	Multiplex						
AS-160702-LR-23668_R1.fastq.gz	1	9c3898d552f32990d1026f2d5819989a	DKFZ	170426_SN7001393_0382_AHJLCCBCXY	2017-04-26	2	21620331	143181	151	Set5_Astro_Sample4	GGACATCA	WHOLE_GENOME	HISEQ2500	Illumina	bcl2fastq 2.18.0.12		SINGLE	7704					UNKNOWN			HiSeq Rapid Flow Cell v2	A290_Rapid_2	0	HCS 2.2.58	RTA 1.18.64	Phred+33	mm10	53	14.0	76.46	Multiplex						
AS-160704-LR-23668_R1.fastq.gz	1	994f21821dc00854066d0a8b64683ad4	DKFZ	170426_SN7001393_0382_AHJLCCBCXY	2017-04-26	2	19636191	130041	151	Set5_Astro_Sample5	CAGGTTCA	WHOLE_GENOME	HISEQ2500	Illumina	bcl2fastq 2.18.0.12		SINGLE	7704					UNKNOWN			HiSeq Rapid Flow Cell v2	A290_Rapid_2	0	HCS 2.2.58	RTA 1.18.64	Phred+33	mm10	53	14.0	76.46	Multiplex						
AS-160706-LR-23668_R1.fastq.gz	1	d4575d814c0b26426cb872935f2394c5	DKFZ	170426_SN7001393_0382_AHJLCCBCXY	2017-04-26	2	18895989	125139	151	Set5_Astro_Sample6	GAACGAAG	WHOLE_GENOME	HISEQ2500	Illumina	bcl2fastq 2.18.0.12		SINGLE	7704					UNKNOWN			HiSeq Rapid Flow Cell v2	A290_Rapid_2	0	HCS 2.2.58	RTA 1.18.64	Phred+33	mm10	51	14.0	76.46	Multiplex						
AS-160708-LR-23668_R1.fastq.gz	1	40b300cc9118a99a8a266097303c3365	DKFZ	170426_SN7001393_0382_AHJLCCBCXY	2017-04-26	2	19932151	132001	151	Set5_Oligo_Sample1	CTCAGAAG	WHOLE_GENOME	HISEQ2500	Illumina	bcl2fastq 2.18.0.12		SINGLE	7704					UNKNOWN			HiSeq Rapid Flow Cell v2	A290_Rapid_2	0	HCS 2.2.58	RTA 1.18.64	Phred+33	mm10	52	14.0	76.46	Multiplex						
AS-160710-LR-23668_R1.fastq.gz	1	37b0d06e9d2f421e365e3c0a9cd68ba3	DKFZ	170426_SN7001393_0382_AHJLCCBCXY	2017-04-26	2	20259519	134169	151	Set5_Oligo_Sample2	CATGAGCA	WHOLE_GENOME	HISEQ2500	Illumina	bcl2fastq 2.18.0.12		SINGLE	7704					UNKNOWN			HiSeq Rapid Flow Cell v2	A290_Rapid_2	0	HCS 2.2.58	RTA 1.18.64	Phred+33	mm10	52	14.0	76.46	Multiplex						
AS-160712-LR-23668_R1.fastq.gz	1	b1d767ff0d5664f4a5c8442d1bd1d154	DKFZ	170426_SN7001393_0382_AHJLCCBCXY	2017-04-26	2	21010744	139144	151	Set5_Oligo_Sample3	GACGAACT	WHOLE_GENOME	HISEQ2500	Illumina	bcl2fastq 2.18.0.12		SINGLE	7704					UNKNOWN			HiSeq Rapid Flow Cell v2	A290_Rapid_2	0	HCS 2.2.58	RTA 1.18.64	Phred+33	mm10	53	14.0	76.46	Multiplex						
AS-160714-LR-23668_R1.fastq.gz	1	83bd9bc2891848d1bb71b559692282df	DKFZ	170426_SN7001393_0382_AHJLCCBCXY	2017-04-26	2	21982278	145578	151	Set5_Oligo_Sample4	AGACGCTA	WHOLE_GENOME	HISEQ2500	Illumina	bcl2fastq 2.18.0.12		SINGLE	7704					UNKNOWN			HiSeq Rapid Flow Cell v2	A290_Rapid_2	0	HCS 2.2.58	RTA 1.18.64	Phred+33	mm10	51	14.0	76.46	Multiplex						
AS-160716-LR-23668_R1.fastq.gz	1	6fea7dcdb792dbbab31a67b274723b67	DKFZ	170426_SN7001393_0382_AHJLCCBCXY	2017-04-26	2	21586356	142956	151	Set5_Oligo_Sample5	ATAACGCC	WHOLE_GENOME	HISEQ2500	Illumina	bcl2fastq 2.18.0.12		SINGLE	7704					UNKNOWN			HiSeq Rapid Flow Cell v2	A290_Rapid_2	0	HCS 2.2.58	RTA 1.18.64	Phred+33	mm10	50	14.0	76.46	Multiplex						
AS-160718-LR-23668_R1.fastq.gz	1	7475f9c36b04f3cfef38ebd3c8714cb7	DKFZ	170426_SN7001393_0382_AHJLCCBCXY	2017-04-26	2	20870918	138218	151	Set5_Oligo_Sample6	GAATCACC	WHOLE_GENOME	HISEQ2500	Illumina	bcl2fastq 2.18.0.12		SINGLE	7704					UNKNOWN			HiSeq Rapid Flow Cell v2	A290_Rapid_2	0	HCS 2.2.58	RTA 1.18.64	Phred+33	mm10	50	14.0	76.46	Multiplex						
AS-160720-LR-23668_R1.fastq.gz	1	22dffc7e0b2851171a62fa06bf80e84f	DKFZ	170426_SN7001393_0382_AHJLCCBCXY	2017-04-26	2	17524909	116059	151	Set5_Epend_Sample1	GGCAAGTT	WHOLE_GENOME	HISEQ2500	Illumina	bcl2fastq 2.18.0.12		SINGLE	7704					UNKNOWN			HiSeq Rapid Flow Cell v2	A290_Rapid_2	0	HCS 2.2.58	RTA 1.18.64	Phred+33	mm10	52	14.0	76.46	Multiplex						
AS-160722-LR-23668_R1.fastq.gz	1	0ffb33623812f93c15c692178b3b3c18	DKFZ	170426_SN7001393_0382_AHJLCCBCXY	2017-04-26	2	18816261	124611	151	Set6_Astro_Sample1	GATCTTGC	WHOLE_GENOME	HISEQ2500	Illumina	bcl2fastq 2.18.0.12		SINGLE	7704					UNKNOWN			HiSeq Rapid Flow Cell v2	A290_Rapid_2	0	HCS 2.2.58	RTA 1.18.64	Phred+33	mm10	52	14.0	76.46	Multiplex						
AS-160724-LR-23668_R1.fastq.gz	1	c4adb0d3a57410b49e5515a52ed9a5ca	DKFZ	170426_SN7001393_0382_AHJLCCBCXY	2017-04-26	2	20711462	137162	151	Set6_Astro_Sample2	CAATGCGA	WHOLE_GENOME	HISEQ2500	Illumina	bcl2fastq 2.18.0.12		SINGLE	7704					UNKNOWN			HiSeq Rapid Flow Cell v2	A290_Rapid_2	0	HCS 2.2.58	RTA 1.18.64	Phred+33	mm10	52	14.0	76.46	Multiplex						
AS-160726-LR-23668_R1.fastq.gz	1	68b4c3dc24890be63f8bf2051e281915	DKFZ	170426_SN7001393_0382_AHJLCCBCXY	2017-04-26	2	16983423	112473	151	Set6_Astro_Sample3	GGTGTACA	WHOLE_GENOME	HISEQ2500	Illumina	bcl2fastq 2.18.0.12		SINGLE	7704					UNKNOWN			HiSeq Rapid Flow Cell v2	A290_Rapid_2	0	HCS 2.2.58	RTA 1.18.64	Phred+33	mm10	52	14.0	76.46	Multiplex						
AS-160728-LR-23668_R1.fastq.gz	1	20a05f79ed306794694bd4d4a56dee25	DKFZ	170426_SN7001393_0382_AHJLCCBCXY	2017-04-26	2	16959263	112313	151	Set6_Astro_Sample4	TAGGAGCT	WHOLE_GENOME	HISEQ2500	Illumina	bcl2fastq 2.18.0.12		SINGLE	7704					UNKNOWN			HiSeq Rapid Flow Cell v2	A290_Rapid_2	0	HCS 2.2.58	RTA 1.18.64	Phred+33	mm10	51	14.0	76.46	Multiplex						
AS-160730-LR-23668_R1.fastq.gz	1	baed83a4277c7bf83bd8353d5382e027	DKFZ	170426_SN7001393_0382_AHJLCCBCXY	2017-04-26	2	18574812	123012	151	Set6_Oligo_Sample1	CGAATTGC	WHOLE_GENOME	HISEQ2500	Illumina	bcl2fastq 2.18.0.12		SINGLE	7704					UNKNOWN			HiSeq Rapid Flow Cell v2	A290_Rapid_2	0	HCS 2.2.58	RTA 1.18.64	Phred+33	mm10	52	14.0	76.46	Multiplex						
AS-160732-LR-23668_R1.fastq.gz	1	df6130a8e8417487fdd48c577e5d568e	DKFZ	170426_SN7001393_0382_AHJLCCBCXY	2017-04-26	2	20806592	137792	151	Set6_Oligo_Sample2	GTCCTAAG	WHOLE_GENOME	HISEQ2500	Illumina	bcl2fastq 2.18.0.12		SINGLE	7704					UNKNOWN			HiSeq Rapid Flow Cell v2	A290_Rapid_2	0	HCS 2.2.58	RTA 1.18.64	Phred+33	mm10	51	14.0	76.46	Multiplex						
AS-160734-LR-23668_R1.fastq.gz	1	926aaa17b104832bf4a9e046dbb70a23	DKFZ	170426_SN7001393_0382_AHJLCCBCXY	2017-04-26	2	15226538	100838	151	Set6_Oligo_Sample3	CTTAGGAC	WHOLE_GENOME	HISEQ2500	Illumina	bcl2fastq 2.18.0.12		SINGLE	7704					UNKNOWN			HiSeq Rapid Flow Cell v2	A290_Rapid_2	0	HCS 2.2.58	RTA 1.18.64	Phred+33	mm10	52	14.0	76.46	Multiplex						
AS-160736-LR-23668_R1.fastq.gz	1	065c1172c1bb3b5e08fc21a905cabb67	DKFZ	170426_SN7001393_0382_AHJLCCBCXY	2017-04-26	2	20399194	135094	151	Set6_Oligo_Sample4	TCCACGTT	WHOLE_GENOME	HISEQ2500	Illumina	bcl2fastq 2.18.0.12		SINGLE	7704					UNKNOWN			HiSeq Rapid Flow Cell v2	A290_Rapid_2	0	HCS 2.2.58	RTA 1.18.64	Phred+33	mm10	52	14.0	76.46	Multiplex						
AS-160738-LR-23668_R1.fastq.gz	1	a3e0f99286a432b36deb2f51d4e58190	DKFZ	170426_SN7001393_0382_AHJLCCBCXY	2017-04-26	2	21070540	139540	151	Set6_Epend_Sample1	CAACACAG	WHOLE_GENOME	HISEQ2500	Illumina	bcl2fastq 2.18.0.12		SINGLE	7704					UNKNOWN			HiSeq Rapid Flow Cell v2	A290_Rapid_2	0	HCS 2.2.58	RTA 1.18.64	Phred+33	mm10	51	14.0	76.46	Multiplex						
Undetermined_1.fastq.gz	1	c0042a1a09dad319f5acc8d919f58923	DKFZ	170426_SN7001393_0382_AHJLCCBCXY	2017-04-26	2	2196147624	14544024	151	Undetermined_2	Undetermined	UNKNOWN	HISEQ2500	Illumina	bcl2fastq 2.18.0.12		SINGLE						UNKNOWN			HiSeq Rapid Flow Cell v2		0	HCS 2.2.58	RTA 1.18.64	Phred+33	depends on index	49	14.0	76.46							
