Variant,Barcode,PercentOfLibrary,Library
AAV12_A1,TGTTTAGGTGAGCCT,0.003466195,Library #1
AAV12_A2,TGTGGTGTGACTCAG,0.0011020722,Library #1
AAV12_A6,TCGGGTTGGTCTTTG,0.001116885,Library #1
AAV12_P2,AGCCTAATCTTTGAC,0.0144365539,Library #1
AAV12_P4,AAGCACTAAAGAACA,0.011716924,Library #1
AAV12_P5,GGTATGGCCTGCCGC,0.0035017457,Library #1
AAV12_WT,GTAGCTGAGGTTGGT,0.2081672263,Library #1
AAV1_A1,TTGCCGTCCTTCGAG,0.2329845897,Library #1
AAV1_A2,TTCAGCGGACGGGCC,0.0506064464,Library #1
AAV1_A6,GTCAGTCCGCTCTTT,0.0923489138,Library #1
AAV1_P2,TAGAGATTTAAACCG,0.008250729,Library #1
AAV1_P4,CGTGACAGCGGATGG,0.3035231383,Library #1
AAV1_P5,TGGGCGGTCAGGGTC,0.4734644556,Library #1
AAV1_WT,AGACTCGTTGTATAT,0.8238582524,Library #1
AAV2_A1,GTGCTTCTGGCGGAT,1.0157254748,Library #1
AAV2_A2,CGGCTGTCGGTCGCC,0.8408692707,Library #1
AAV2_A6,ATCGTACGTTACTGA,0.803570643,Library #1
AAV2_P2,TCAACATGGGCAACG,0.4276218054,Library #1
AAV2_P4,CTTGATCGACGCCCA,0.7037175652,Library #1
AAV2_P5,TACGCTATTCAATCT,0.6199926629,Library #1
AAV2_WT,TTAAGATCCTGGTCG,1.9217710609,Library #1
AAV3_A1,TAACGTTGGGTTGCC,1.1127611582,Library #1
AAV3_A2,GACCACTAGAAGGGC,0.8236893865,Library #1
AAV3_A6,CTGCATGGCGGAGTT,1.3856958666,Library #1
AAV3_P2,CGTATCGGGTCCGGA,0.1889728014,Library #1
AAV3_P4,TGGTTGGGTTTGTGG,1.6613146543,Library #1
AAV3_P5,TCGTTGTAACGGTAC,1.8278519904,Library #1
AAV3_WT,GATTCGAAAGCATAG,2.2215258232,Library #1
AAV4_A1,ACCATAGCGCCACGA,0.2361367533,Library #1
AAV4_A2,GTCCCGACTAGGACT,0.0979303765,Library #1
AAV4_A6,GTCTTGATTGCTTCG,0.2611377954,Library #1
AAV4mut_A1,TGAGAGTCATCCAAG,0.3431651509,Library #1
AAV4mut_A2,CCTAATCTCAGGCGG,3.110688e-4,Library #1
AAV4mut_A6,CGTGACCCAGGAAGT,0.4054055695,Library #1
AAV4mut_P2,AGACTTGGCGTTATG,0.1218767473,Library #1
AAV4mut_P4,ACGTGTCGTAGTAAG,0.4234949596,Library #1
AAV4mut_P5,TATATTGAGGCGTGT,0.4400645565,Library #1
AAV4mut_WT,ACATTGTGGTCATAG,0.4698797583,Library #1
AAV4_P2,TGGTAGGTTCGAAAT,0.1096443379,Library #1
AAV4_P4,ACGTCGCACCGTTTG,0.507003595,Library #1
AAV4_P5,CAGGCTTAACGCGGG,0.3978510421,Library #1
AAV4_WT,TCAACGATTGTCTGG,0.3478311826,Library #1
AAV5_A1,TTGGACTCACAGATG,4.1719685377,Library #1
AAV5_A2,AAGGTGACCTAGTGT,3.8578127723,Library #1
AAV5_A6,CCCTCATGAGGTCCG,4.2980550825,Library #1
AAV5_P2,GGCCACCGTGTGTGA,0.0616745697,Library #1
AAV5_P4,ATGAGCAGCGAATGA,4.6984124501,Library #1
AAV5_P5,ATGTTTAACGGCATA,5.3407398513,Library #1
AAV5_WT,ATTTGGCACAGGATG,3.9133785438,Library #1
AAV6_A1,GTTAACGCGGCCATT,0.0071634696,Library #1
AAV6_A2,AGCGGCGTTTATCGT,0.0059191945,Library #1
AAV6_A6,TTGGTATGTGTCAAT,0.0210252868,Library #1
AAV6_P2,GCGAGGTCGTTAGTT,0.0036913495,Library #1
AAV6_P4,TAAGACTGTTCCGGG,0.0389132229,Library #1
AAV6_P5,GTTTGTAATCTCTAC,0.0330740175,Library #1
AAV6_WT,ATGACAATGTGCAGG,0.1905785088,Library #1
AAV7_A1,ACGATCGTACGTCTT,1.3022968459,Library #1
AAV7_A2,GTTCAGGTCAGGTCT,0.9521726421,Library #1
AAV7_A6,TAAGGAGGGCTGTAG,1.0177489031,Library #1
AAV7_P2,GAGCGTAATTGTGAG,0.7489469655,Library #1
AAV7_P4,CGTTAACCCGAAAGC,1.2039842993,Library #1
AAV7_P5,GTGACATGCAGGTAG,1.2799295195,Library #1
AAV7_WT,GTCGACTTCATGGCA,2.2909711872,Library #1
AAV8_A1,GGGCCCTAGCGCGTG,0.5194019078,Library #1
AAV8_A2,GATAGGCTGGTCCAA,0.4331706799,Library #1
AAV8_A6,TATTTGTGTCGTTCC,0.4140769821,Library #1
AAV8_P2,GCTCTGGATGTAGTA,0.1294609003,Library #1
AAV8_P4,TAGATGTGGCGGACA,0.6946550948,Library #1
AAV8_P5,GTCAACATCGTTACA,0.6880722869,Library #1
AAV8_WT,TATCAAGCTAACGTT,0.8518870306,Library #1
AAV9_A1,GCCGGAGTCCCGGTA,3.1439484398,Library #1
AAV9_A2,CGAGTCGTATGTGGC,2.5158502133,Library #1
AAV9_A6,AGTAATTGGTCTTGG,3.5015234816,Library #1
AAV9_P2,GCGGAACATAGGCGG,0.218802816,Library #1
AAV9_P4,GCCCTTCAGTCAGCT,4.4970294857,Library #1
AAV9_P5,CGGTCGCGTGACGTG,3.8997418811,Library #1
AAV9_WT,AGTTAGGGCGCTGCG,5.411580581,Library #1
AAVpo1_A1,TTGGAACGTGGGCTT,1.7915784083,Library #1
AAVpo1_A2,AGATTCAAAGCTGCG,0.9802014203,Library #1
AAVpo1_A6,TGTTGGAAGGTATCA,1.728911381,Library #1
AAVpo1_P2,TGTCCGGAAAGGACA,0.0635291322,Library #1
AAVpo1_P4,GTTGTGCCCTGAGTG,2.8682881764,Library #1
AAVpo1_P5,ACCGTATCTCTCCGG,2.2795416316,Library #1
AAVpo1_WT,TGGTTTACAAATTAT,1.8485276952,Library #1
AAVrh10_A1,CTACCTATTTACTCT,0.505166808,Library #1
AAVrh10_A2,ACCGGGCGTTGAGGC,0.6713041985,Library #1
AAVrh10_A6,ACTGTGATGGGTTAG,0.612764017,Library #1
AAVrh10_P2,GACTTGGTTGTGACG,0.0944789943,Library #1
AAVrh10_P4,TTGTTGTATGAGCAG,0.6312622404,Library #1
AAVrh10_P5,TCCACGGAGGCTGCG,0.6370421945,Library #1
AAVrh10_WT,GGTCTTTGCTCGGTG,0.9843875173,Library #1
AAV12_WT,GTAGCTGAGGTTGGT,0.8797413038,Library #3
AAV1_A1,TTGCCGTCCTTCGAG,1.0446285517,Library #3
AAV1_A2,TTCAGCGGACGGGCC,0.3012612638,Library #3
AAV1_A6,GTCAGTCCGCTCTTT,0.9191866476,Library #3
AAV1_P4,CGTGACAGCGGATGG,1.1194400931,Library #3
AAV1_P5,TGGGCGGTCAGGGTC,0.9804635819,Library #3
AAV1_WT,AGACTCGTTGTATAT,1.7084198554,Library #3
AAV2_7m8,CGTGACCCAGGAAGT,0.7650928206,Library #3
AAV2_A1,GTGCTTCTGGCGGAT,0.255705359,Library #3
AAV2_A2,CGGCTGTCGGTCGCC,0.2813060806,Library #3
AAV2_A6,ATCGTACGTTACTGA,0.3667152439,Library #3
AAV2_BR1,ACGTGTCGTAGTAAG,1.0737699722,Library #3
AAV2HBKO,CCTAATCTCAGGCGG,1.1479533251,Library #3
AAV2_L1,TATATTGAGGCGTGT,0.5147066682,Library #3
AAV2_L1mut1,ATGATCAGCGATATC,0.1970553949,Library #3
AAV2_L1mut2,GGTGCCGGACAGCTC,0.2362233568,Library #3
AAV2_MTP,AGCGGCGTTTATCGT,0.5277517778,Library #3
AAV2_P2,TCAACATGGGCAACG,0.6886006709,Library #3
AAV2_P4,CTTGATCGACGCCCA,0.4527444373,Library #3
AAV2_P5,TACGCTATTCAATCT,0.6625186101,Library #3
AAV2_WT,TTAAGATCCTGGTCG,0.3617305272,Library #3
AAV2YF,CTTATGTGAAGAGAT,0.6318352723,Library #3
AAV3_A1,TAACGTTGGGTTGCC,0.5328343939,Library #3
AAV3_A2,GACCACTAGAAGGGC,0.1884483964,Library #3
AAV3_A6,CTGCATGGCGGAGTT,0.0984134813,Library #3
AAV3_P4,TGGTTGGGTTTGTGG,0.622591927,Library #3
AAV3_P5,TCGTTGTAACGGTAC,0.8738754916,Library #3
AAV3_WT,GATTCGAAAGCATAG,0.7399326468,Library #3
AAV4_A1,ACCATAGCGCCACGA,0.3741556065,Library #3
AAV4_A2,GTCCCGACTAGGACT,0.2107042181,Library #3
AAV4_A6,GTCTTGATTGCTTCG,0.4466501929,Library #3
AAV4_L1,GGTATGGCCTGCCGC,0.456668576,Library #3
AAV4_P2,TGGTAGGTTCGAAAT,3.4295503304,Library #3
AAV4_P4,ACGTCGCACCGTTTG,0.7385620536,Library #3
AAV4_P5,CAGGCTTAACGCGGG,0.2088359691,Library #3
AAV4_WT,TCAACGATTGTCTGG,0.269656039,Library #3
AAV5_A1,TTGGACTCACAGATG,0.2461519986,Library #3
AAV5_A2,AAGGTGACCTAGTGT,0.2486647527,Library #3
AAV5_A6,CCCTCATGAGGTCCG,0.2369576031,Library #3
AAV5_P4,ATGAGCAGCGAATGA,0.2925726824,Library #3
AAV5_P5,ATGTTTAACGGCATA,0.5152532738,Library #3
AAV5_WT,ATTTGGCACAGGATG,0.1734371384,Library #3
AAV6.2,TGTGGTGTGACTCAG,2.553529208,Library #3
AAV6_P4,TAAGACTGTTCCGGG,2.080568522,Library #3
AAV6shH10,AGCCTAATCTTTGAC,0.6027835931,Library #3
AAV6_WT,ATGACAATGTGCAGG,0.6671688368,Library #3
AAV7_A1,ACGATCGTACGTCTT,0.4132746186,Library #3
AAV7_A2,GTTCAGGTCAGGTCT,0.3045653723,Library #3
AAV7_A6,TAAGGAGGGCTGTAG,1.0100210753,Library #3
AAV7_P2,GAGCGTAATTGTGAG,0.9190724315,Library #3
AAV7_P4,CGTTAACCCGAAAGC,0.6356859863,Library #3
AAV7_P5,GTGACATGCAGGTAG,0.7268141126,Library #3
AAV7_WT,GTCGACTTCATGGCA,0.223145614,Library #3
AAV8_A1,GGGCCCTAGCGCGTG,0.4964239349,Library #3
AAV8_A2,GATAGGCTGGTCCAA,0.3521037422,Library #3
AAV8_A6,TATTTGTGTCGTTCC,0.5162812186,Library #3
AAV8_P2,GCTCTGGATGTAGTA,0.553678831,Library #3
AAV8_P4,TAGATGTGGCGGACA,0.3955303327,Library #3
AAV8_P5,GTCAACATCGTTACA,0.8540997908,Library #3
AAV8_WT,TATCAAGCTAACGTT,0.3275309654,Library #3
AAV9_A1,GCCGGAGTCCCGGTA,0.4303091332,Library #3
AAV9_A2,CGAGTCGTATGTGGC,0.3886447339,Library #3
AAV9_A6,AGTAATTGGTCTTGG,0.6598345319,Library #3
AAV9BI,ACATTGTGGTCATAG,1.4045071465,Library #3
AAV9_BR1,AAGCACTAAAGAACA,0.2648263299,Library #3
AAV9_K1,GTTTGTAATCTCTAC,0.3277675559,Library #3
AAV9_K3,TTGGTATGTGTCAAT,0.3422158917,Library #3
AAV9K449R_PHP.A,TCGTTAGTAGCGATC,0.1926417587,Library #3
AAV9K449R_PHP.B,TGAGAGTCATCCAAG,0.3460013394,Library #3
AAV9K449R_PHP.eB,CGTATCGGGTCCGGA,0.5888900211,Library #3
AAV9K449R_PHP.S,TAGAGATTTAAACCG,0.4132664604,Library #3
AAV9LD,GGCCACCGTGTGTGA,0.5675397698,Library #3
AAV9_P1,GCGAGGTCGTTAGTT,0.1599433227,Library #3
AAV9_P3,GTTAACGCGGCCATT,0.2386137364,Library #3
AAV9_P4,GCCCTTCAGTCAGCT,0.6900365304,Library #3
AAV9_P5,CGGTCGCGTGACGTG,0.3978717626,Library #3
AAV9_WT,AGTTAGGGCGCTGCG,1.0773025128,Library #3
AAVAH3-10,TTCCGTGTGTTGTCT,0.3847450701,Library #3
AAVAH3-17,GGACTCAGGCCTGGT,0.3819957255,Library #3
AAVAH3-18,CAATCCGGCGCGGGT,0.1895171327,Library #3
AAVAH3-21,CCCGTATGTCGGGTA,0.4870174237,Library #3
AAVAH3-3,AGTTTCACATGACGG,1.3268646777,Library #3
AAVAH3-5,TCGGGTTGGTCTTTG,0.5787003139,Library #3
AAVAH3-N1,GGTCAGGACCATTGG,1.2869135197,Library #3
AAVAH3-N10,TGGGTTTCGGCATCA,0.8057619082,Library #3
AAVAH3-N12,TCGCACGCTGATGTG,0.2506064263,Library #3
AAVAH3-N2,TAGTTTATCGCAGGG,0.4156649983,Library #3
AAVAH3-N4,GTACCTATCCGTTGT,0.5063607351,Library #3
AAVAH3-N5,TGGTCGGCGAGTTTG,0.9596354614,Library #3
AAVAH3-N6,ATGTCGAACCCAATC,0.7456108183,Library #3
AAVAH3-N8,TTTGGTTGGAGTCTT,0.2409470081,Library #3
AAVAH3-N9,AGTTCACGACTGCGA,1.0275858789,Library #3
AAVAH4-1,GTTCGTTGCGGGATC,0.8892293979,Library #3
AAVAH4-3,GAATCCATGACTTTG,0.6495469252,Library #3
AAVAH4-6,GTGTAGGTTATCATC,0.3769131094,Library #3
AAVAH4-7,TTACGATTTATGCGC,0.9018258014,Library #3
AAVAH4b-10,GTTTACGGATCTCGG,0.8244036064,Library #3
AAVAH4-N1,TTACCTTCTAAGGGC,0.414539154,Library #3
AAVAH4-N11,TCTGTATGGGCCAGC,0.7840445338,Library #3
AAVAH4-N12,TGATCTGACCGTGTG,0.4651287252,Library #3
AAVAH4-N3,GGTTGGTTAGGCTGT,0.4590915888,Library #3
AAVAH4-N4,ACCGGCAATCCTAGC,0.4980311185,Library #3
AAVAH4-N5,GTGTGTTACCTAACA,0.6201689142,Library #3
AAVAH4-N6,TCATCTAGCATCGGG,0.4211228959,Library #3
AAVAH4-N7,GCCACAGGCATCGTG,0.3821996829,Library #3
AAVAH4-N9,TATATAGTCGGTTTG,0.7664797303,Library #3
AAVAnc80L65,GCGGAACATAGGCGG,0.5427304026,Library #3
AAVB1,TGTCCGGAAAGGACA,0.4654387403,Library #3
AAVDJ,AGACTTGGCGTTATG,0.6410296679,Library #3
AAVDJYF,GTGCTTGTCATGCCG,0.5324835874,Library #3
AAVJEA2-D1,GGTTGACAGTGGGCT,0.9752912245,Library #3
AAVJEA2-D10,GTGCGCAGGTTAGTG,0.3474290406,Library #3
AAVJEA2-D16,TATAACTTAGCTGAT,0.2695744561,Library #3
AAVJEA2-D3,CTTCTTCAGGCAACC,0.2289951097,Library #3
AAVJEA2-D7,ACCAACCGGTGTGGG,0.2463396393,Library #3
AAVJEA2-H1,GCAATTATCATAGTC,1.7229416159,Library #3
AAVJEA2-H11,CCACTAGGATCCGGA,0.186873846,Library #3
AAVJEA2-H17,ATCTCGAAGCGCGTA,0.1896395071,Library #3
AAVJEA2-H2,TTCATCGGCCGCTAA,0.411610327,Library #3
AAVJEA2-H8,CGTCCTGTAAGGAGT,1.2539458601,Library #3
AAVJEA2-S11,CAAGGCTTTCTGATC,0.2213099982,Library #3
AAVJEA3-D12,TTGGCAGAGGATCAC,0.4518062337,Library #3
AAVJEA3-D16,TCGGCTCTGTTCTAG,0.5226854782,Library #3
AAVJEA3-D2,TACGTATCGCGTGAT,0.3017181282,Library #3
AAVJEA3-D20,TTTAGGCGCGGCTTG,0.2806615755,Library #3
AAVJEA3-D4,TCGGCGTGGCGGTCG,0.1824438932,Library #3
AAVJEA3-D5,GGTACAGGACGCAGG,0.2046833983,Library #3
AAVJEA3-D7,CTAGGCAGGACACCG,0.3269435684,Library #3
AAVJEA3-H13,TACATTTAACTGAAG,0.5045577524,Library #3
AAVJEA3-H15,CTCGCGGCCTGAGGG,1.2482921635,Library #3
AAVJEA3-H19,CTAGATAAATGCGGT,0.4140822896,Library #3
AAVJEA3-H20,ACCTGAGTTTGGTGG,0.7553844526,Library #3
AAVJEA3-H3,TAGAGTATGAGTGGT,0.2878408728,Library #3
AAVJEA3-H4,GAGCGGGCAGACGAT,4.6929271766,Library #3
AAVJEA3-H5,GACTTTGACATGTCA,0.1530169325,Library #3
AAVJEA3-S1,CCGTCGAAGAAGGGA,0.5183860581,Library #3
AAVJEA3-S10,CATGCCATGTGTATC,2.3684665029,Library #3
AAVJEA3-S2,CGTCCGTCTAATGAA,0.274118625,Library #3
AAVJEA3-S4,GGCAGCGGACACGTG,0.6733365058,Library #3
AAVJEA3-S5,GACCACTTATCGCCA,0.1938573443,Library #3
AAVJEA3-S7,ATCCTCTCCGCTACC,1.5773813627,Library #3
AAVJEA3-S8,TAGCACCATTTACGG,0.2471554686,Library #3
AAVLK03,TGTTTAGGTGAGCCT,0.9184931928,Library #3
AAVM41,GAGGTCCAGAGGAAG,0.5447536591,Library #3
AAVpo1_A1,TTGGAACGTGGGCTT,0.5666749908,Library #3
AAVpo1_A2,AGATTCAAAGCTGCG,0.4246717531,Library #3
AAVpo1_A6,TGTTGGAAGGTATCA,0.3657851985,Library #3
AAVpo1_P4,GTTGTGCCCTGAGTG,0.4853286572,Library #3
AAVpo1_P5,ACCGTATCTCTCCGG,0.5556449795,Library #3
AAVpo1_WT,TGGTTTACAAATTAT,1.2975356165,Library #3
AAVrh10_A1,CTACCTATTTACTCT,0.8566614946,Library #3
AAVrh10_A2,ACCGGGCGTTGAGGC,0.17443245,Library #3
AAVrh10_A6,ACTGTGATGGGTTAG,0.8216624201,Library #3
AAVrh10_P2,GACTTGGTTGTGACG,0.4624283304,Library #3
AAVrh10_P4,TTGTTGTATGAGCAG,0.3186384267,Library #3
AAVrh10_P5,TCCACGGAGGCTGCG,1.1113307505,Library #3
AAVrh10_WT,GGTCTTTGCTCGGTG,0.4966686837,Library #3
