#,Variant,Barcode#,Sequence_fw,Sequence_revcomp,read#,% of total
1,AAV1_A1,A6,TTGCCGTCCTTCGAG,CTCGAAGGACGGCAA,128045,1.0446285517
2,AAV1_A2,A8,TTCAGCGGACGGGCC,GGCCCGTCCGCTGAA,36927,0.3012612638
3,AAV1_A6,A9,GTCAGTCCGCTCTTT,AAAGAGCGGACTGAC,112669,0.9191866476
4,AAV1_P4,A4,CGTGACAGCGGATGG,CCATCCGCTGTCACG,137215,1.1194400931
5,AAV1_P5,A5,TGGGCGGTCAGGGTC,GACCCTGACCGCCCA,120180,0.9804635819
6,AAV12wt,A111,GTAGCTGAGGTTGGT,ACCAACCTCAGCTAC,107834,0.8797413038
7,AAV1wt,A2,AGACTCGTTGTATAT,ATATACAACGAGTCT,209409,1.7084198554
8,AAV2_7m8,A129,CGTGACCCAGGAAGT,ACTTCCTGGGTCACG,93781,0.7650928206
9,AAV2_A1,A18,GTGCTTCTGGCGGAT,ATCCGCCAGAAGCAC,31343,0.255705359
10,AAV2_A2,A21,CGGCTGTCGGTCGCC,GGCGACCGACAGCCG,34481,0.2813060806
11,AAV2_A6,A22,ATCGTACGTTACTGA,TCAGTAACGTACGAT,44950,0.3667152439
12,AAV2_BR1,A122,ACGTGTCGTAGTAAG,CTTACTACGACACGT,131617,1.0737699722
14,AAV2_L1,A124,TATATTGAGGCGTGT,ACACGCCTCAATATA,63090,0.5147066682
15,AAV2_L1mut1,A138,ATGATCAGCGATATC,GATATCGCTGATCAT,24154,0.1970553949
16,AAV2_L1mut2,A139,GGTGCCGGACAGCTC,GAGCTGTCCGGCACC,28955,0.2362233568
17,AAV2_MTP,A55,AGCGGCGTTTATCGT,ACGATAAACGCCGCT,64689,0.5277517778
18,AAV2_P2,A13,TCAACATGGGCAACG,CGTTGCCCATGTTGA,84405,0.6886006709
19,AAV2_P4,A14,CTTGATCGACGCCCA,TGGGCGTCGATCAAG,55495,0.4527444373
20,AAV2_P5,A15,TACGCTATTCAATCT,AGATTGAATAGCGTA,81208,0.6625186101
13,AAV2HBKO,A127,CCTAATCTCAGGCGG,CCGCCTGAGATTAGG,140710,1.1479533251
21,AAV2wt,A11,TTAAGATCCTGGTCG,CGACCAGGATCTTAA,44339,0.3617305272
22,AAV2YF,A211,CTTATGTGAAGAGAT,ATCTCTTCACATAAG,77447,0.6318352723
23,AAV3_A1,A29,TAACGTTGGGTTGCC,GGCAACCCAACGTTA,65312,0.5328343939
24,AAV3_A2,A30,GACCACTAGAAGGGC,GCCCTTCTAGTGGTC,23099,0.1884483964
25,AAV3_A6,A32,CTGCATGGCGGAGTT,AACTCCGCCATGCAG,12063,0.0984134813
26,AAV3_P4,A25,TGGTTGGGTTTGTGG,CCACAAACCCAACCA,76314,0.622591927
27,AAV3_P5,A26,TCGTTGTAACGGTAC,GTACCGTTACAACGA,107115,0.8738754916
28,AAV3wt,A23,GATTCGAAAGCATAG,CTATGCTTTCGAATC,90697,0.7399326468
29,AAV4_A1,A38,ACCATAGCGCCACGA,TCGTGGCGCTATGGT,45862,0.3741556065
30,AAV4_A2,A39,GTCCCGACTAGGACT,AGTCCTAGTCGGGAC,25827,0.2107042181
31,AAV4_A6,A40,GTCTTGATTGCTTCG,CGAAGCAATCAAGAC,54748,0.4466501929
32,AAV4_L1,A116,GGTATGGCCTGCCGC,GCGGCAGGCCATACC,55976,0.456668576
33,AAV4_P2,A34,TGGTAGGTTCGAAAT,ATTTCGAACCTACCA,420376,3.4295503304
34,AAV4_P4,A35,ACGTCGCACCGTTTG,CAAACGGTGCGACGT,90529,0.7385620536
35,AAV4_P5,A37,CAGGCTTAACGCGGG,CCCGCGTTAAGCCTG,25598,0.2088359691
36,AAV4wt,A33,TCAACGATTGTCTGG,CCAGACAATCGTTGA,33053,0.269656039
37,AAV5_A1,A45,TTGGACTCACAGATG,CATCTGTGAGTCCAA,30172,0.2461519986
38,AAV5_A2,A47,AAGGTGACCTAGTGT,ACACTAGGTCACCTT,30480,0.2486647527
39,AAV5_A6,A48,CCCTCATGAGGTCCG,CGGACCTCATGAGGG,29045,0.2369576031
40,AAV5_P4,A43,ATGAGCAGCGAATGA,TCATTCGCTGCTCAT,35862,0.2925726824
41,AAV5_P5,A44,ATGTTTAACGGCATA,TATGCCGTTAAACAT,63157,0.5152532738
42,AAV5wt,A41,ATTTGGCACAGGATG,CATCCTGTGCCAAAT,21259,0.1734371384
43,AAV6.2,A118,TGTGGTGTGACTCAG,CTGAGTCACACCACA,312998,2.553529208
44,AAV6_P4,A51,TAAGACTGTTCCGGG,CCCGGAACAGTCTTA,255025,2.080568522
45,AAV6shH10,A114,AGCCTAATCTTTGAC,GTCAAAGATTAGGCT,73886,0.6027835931
46,AAV6wt,A49,ATGACAATGTGCAGG,CCTGCACATTGTCAT,81778,0.6671688368
47,AAV7_A1,A65,ACGATCGTACGTCTT,AAGACGTACGATCGT,50657,0.4132746186
48,AAV7_A2,A67,GTTCAGGTCAGGTCT,AGACCTGACCTGAAC,37332,0.3045653723
49,AAV7_A6,A68,TAAGGAGGGCTGTAG,CTACAGCCCTCCTTA,123803,1.0100210753
50,AAV7_P2,A61,GAGCGTAATTGTGAG,CTCACAATTACGCTC,112655,0.9190724315
51,AAV7_P4,A62,CGTTAACCCGAAAGC,GCTTTCGGGTTAACG,77919,0.6356859863
52,AAV7_P5,A63,GTGACATGCAGGTAG,CTACCTGCATGTCAC,89089,0.7268141126
53,AAV7wt,A58,GTCGACTTCATGGCA,TGCCATGAAGTCGAC,27352,0.223145614
54,AAV8_A1,A75,GGGCCCTAGCGCGTG,CACGCGCTAGGGCCC,60849,0.4964239349
55,AAV8_A2,A76,GATAGGCTGGTCCAA,TTGGACCAGCCTATC,43159,0.3521037422
56,AAV8_A6,A77,TATTTGTGTCGTTCC,GGAACGACACAAATA,63283,0.5162812186
57,AAV8_P2,A70,GCTCTGGATGTAGTA,TACTACATCCAGAGC,67867,0.553678831
58,AAV8_P4,A71,TAGATGTGGCGGACA,TGTCCGCCACATCTA,48482,0.3955303327
59,AAV8_P5,A74,GTCAACATCGTTACA,TGTAACGATGTTGAC,104691,0.8540997908
60,AAV8wt,A69,TATCAAGCTAACGTT,AACGTTAGCTTGATA,40147,0.3275309654
61,AAV9_A1,A83,GCCGGAGTCCCGGTA,TACCGGGACTCCGGC,52745,0.4303091332
62,AAV9_A2,A84,CGAGTCGTATGTGGC,GCCACATACGACTCG,47638,0.3886447339
63,AAV9_A6,A85,AGTAATTGGTCTTGG,CCAAGACCAATTACT,80879,0.6598345319
64,AAV9_BR1,A115,AAGCACTAAAGAACA,TGTTCTTTAGTGCTT,32461,0.2648263299
65,AAV9_K1,A52,GTTTGTAATCTCTAC,GTAGAGATTACAAAC,40176,0.3277675559
66,AAV9_K3,A56,TTGGTATGTGTCAAT,ATTGACACATACCAA,41947,0.3422158917
67,AAV9_P1,A50,GCGAGGTCGTTAGTT,AACTAACGACCTCGC,19605,0.1599433227
68,AAV9_P3,A53,GTTAACGCGGCCATT,AATGGCCGCGTTAAC,29248,0.2386137364
69,AAV9_P4,A81,GCCCTTCAGTCAGCT,AGCTGACTGAAGGGC,84581,0.6900365304
70,AAV9_P5,A82,CGGTCGCGTGACGTG,CACGTCACGCGACCG,48769,0.3978717626
71,AAV9BI,A120,ACATTGTGGTCATAG,CTATGACCACAATGT,172157,1.4045071465
72,AAV9K449R_PHP.A,A132,TCGTTAGTAGCGATC,GATCGCTACTAACGA,23613,0.1926417587
73,AAV9K449R_PHP.B,A126,TGAGAGTCATCCAAG,CTTGGATGACTCTCA,42411,0.3460013394
74,AAV9K449R_PHP.eB,A24,CGTATCGGGTCCGGA,TCCGGACCCGATACG,72183,0.5888900211
75,AAV9K449R_PHP.S,A3,TAGAGATTTAAACCG,CGGTTTAAATCTCTA,50656,0.4132664604
76,AAV9LD,A42,GGCCACCGTGTGTGA,TCACACACGGTGGCC,69566,0.5675397698
77,AAV9wt,A79,AGTTAGGGCGCTGCG,CGCAGCGCCCTAACT,132050,1.0773025128
78,AAVAH3-10,A214,TTCCGTGTGTTGTCT,AGACAACACACGGAA,47160,0.3847450701
79,AAVAH3-17,A222,GGACTCAGGCCTGGT,ACCAGGCCTGAGTCC,46823,0.3819957255
80,AAVAH3-18,A226,CAATCCGGCGCGGGT,ACCCGCGCCGGATTG,23230,0.1895171327
81,AAVAH3-21,A215,CCCGTATGTCGGGTA,TACCCGACATACGGG,59696,0.4870174237
82,AAVAH3-3,A230,AGTTTCACATGACGG,CCGTCATGTGAAACT,162640,1.3268646777
83,AAVAH3-5,A119,TCGGGTTGGTCTTTG,CAAAGACCAACCCGA,70934,0.5787003139
84,AAVAH3-N1,A199,GGTCAGGACCATTGG,CCAATGGTCCTGACC,157743,1.2869135197
85,AAVAH3-N10,A201,TGGGTTTCGGCATCA,TGATGCCGAAACCCA,98766,0.8057619082
86,AAVAH3-N12,A229,TCGCACGCTGATGTG,CACATCAGCGTGCGA,30718,0.2506064263
87,AAVAH3-N2,A212,TAGTTTATCGCAGGG,CCCTGCGATAAACTA,50950,0.4156649983
88,AAVAH3-N4,A213,GTACCTATCCGTTGT,ACAACGGATAGGTAC,62067,0.5063607351
89,AAVAH3-N5,A203,TGGTCGGCGAGTTTG,CAAACTCGCCGACCA,117627,0.9596354614
90,AAVAH3-N6,A236,ATGTCGAACCCAATC,GATTGGGTTCGACAT,91393,0.7456108183
91,AAVAH3-N8,A223,TTTGGTTGGAGTCTT,AAGACTCCAACCAAA,29534,0.2409470081
92,AAVAH3-N9,A221,AGTTCACGACTGCGA,TCGCAGTCGTGAACT,125956,1.0275858789
93,AAVAH4-1,A217,GTTCGTTGCGGGATC,GATCCCGCAACGAAC,108997,0.8892293979
94,AAVAH4-3,A216,GAATCCATGACTTTG,CAAAGTCATGGATTC,79618,0.6495469252
95,AAVAH4-6,A228,GTGTAGGTTATCATC,GATGATAACCTACAC,46200,0.3769131094
96,AAVAH4-7,A225,TTACGATTTATGCGC,GCGCATAAATCGTAA,110541,0.9018258014
97,AAVAH4b-10,A232,GTTTACGGATCTCGG,CCGAGATCCGTAAAC,101051,0.8244036064
98,AAVAH4-N1,A202,TTACCTTCTAAGGGC,GCCCTTAGAAGGTAA,50812,0.414539154
99,AAVAH4-N11,A237,TCTGTATGGGCCAGC,GCTGGCCCATACAGA,96104,0.7840445338
100,AAVAH4-N12,A240,TGATCTGACCGTGTG,CACACGGTCAGATCA,57013,0.4651287252
101,AAVAH4-N3,A205,GGTTGGTTAGGCTGT,ACAGCCTAACCAACC,56273,0.4590915888
102,AAVAH4-N4,A207,ACCGGCAATCCTAGC,GCTAGGATTGCCGGT,61046,0.4980311185
103,AAVAH4-N5,A208,GTGTGTTACCTAACA,TGTTAGGTAACACAC,76017,0.6201689142
104,AAVAH4-N6,A209,TCATCTAGCATCGGG,CCCGATGCTAGATGA,51619,0.4211228959
105,AAVAH4-N7,A210,GCCACAGGCATCGTG,CACGATGCCTGTGGC,46848,0.3821996829
106,AAVAH4-N9,A233,TATATAGTCGGTTTG,CAAACCGACTATATA,93951,0.7664797303
107,AAVAnc80L65,A80,GCGGAACATAGGCGG,CCGCCTATGTTCCGC,66525,0.5427304026
108,AAVB1,A101,TGTCCGGAAAGGACA,TGTCCTTTCCGGACA,57051,0.4654387403
109,AAVDJ,A121,AGACTTGGCGTTATG,CATAACGCCAAGTCT,78574,0.6410296679
110,AAVDJYF,A220,GTGCTTGTCATGCCG,CGGCATGACAAGCAC,65269,0.5324835874
111,AAVJEA2-D1,A151,GGTTGACAGTGGGCT,AGCCCACTGTCAACC,119546,0.9752912245
112,AAVJEA2-D10,A169,GTGCGCAGGTTAGTG,CACTAACCTGCGCAC,42586,0.3474290406
113,AAVJEA2-D16,A141,TATAACTTAGCTGAT,ATCAGCTAAGTTATA,33043,0.2695744561
114,AAVJEA2-D3,A142,CTTCTTCAGGCAACC,GGTTGCCTGAAGAAG,28069,0.2289951097
115,AAVJEA2-D7,A187,ACCAACCGGTGTGGG,CCCACACCGGTTGGT,30195,0.2463396393
116,AAVJEA2-H1,A147,GCAATTATCATAGTC,GACTATGATAATTGC,211189,1.7229416159
117,AAVJEA2-H11,A144,CCACTAGGATCCGGA,TCCGGATCCTAGTGG,22906,0.186873846
118,AAVJEA2-H17,A146,ATCTCGAAGCGCGTA,TACGCGCTTCGAGAT,23245,0.1896395071
119,AAVJEA2-H2,A155,TTCATCGGCCGCTAA,TTAGCGGCCGATGAA,50453,0.411610327
120,AAVJEA2-H8,A163,CGTCCTGTAAGGAGT,ACTCCTTACAGGACG,153702,1.2539458601
121,AAVJEA2-S11,A145,CAAGGCTTTCTGATC,GATCAGAAAGCCTTG,27127,0.2213099982
122,AAVJEA3-D12,A160,TTGGCAGAGGATCAC,GTGATCCTCTGCCAA,55380,0.4518062337
123,AAVJEA3-D16,A161,TCGGCTCTGTTCTAG,CTAGAACAGAGCCGA,64068,0.5226854782
124,AAVJEA3-D2,A157,TACGTATCGCGTGAT,ATCACGCGATACGTA,36983,0.3017181282
125,AAVJEA3-D20,A162,TTTAGGCGCGGCTTG,CAAGCCGCGCCTAAA,34402,0.2806615755
126,AAVJEA3-D4,A195,TCGGCGTGGCGGTCG,CGACCGCCACGCCGA,22363,0.1824438932
127,AAVJEA3-D5,A189,GGTACAGGACGCAGG,CCTGCGTCCTGTACC,25089,0.2046833983
128,AAVJEA3-D7,A158,CTAGGCAGGACACCG,CGGTGTCCTGCCTAG,40075,0.3269435684
129,AAVJEA3-H13,A198,TACATTTAACTGAAG,CTTCAGTTAAATGTA,61846,0.5045577524
130,AAVJEA3-H15,A171,CTCGCGGCCTGAGGG,CCCTCAGGCCGCGAG,153009,1.2482921635
131,AAVJEA3-H19,A172,CTAGATAAATGCGGT,ACCGCATTTATCTAG,50756,0.4140822896
132,AAVJEA3-H20,A173,ACCTGAGTTTGGTGG,CCACCAAACTCAGGT,92591,0.7553844526
133,AAVJEA3-H3,A164,TAGAGTATGAGTGGT,ACCACTCATACTCTA,35282,0.2878408728
134,AAVJEA3-H4,A166,GAGCGGGCAGACGAT,ATCGTCTGCCCGCTC,575234,4.6929271766
135,AAVJEA3-H5,A197,GACTTTGACATGTCA,TGACATGTCAAAGTC,18756,0.1530169325
136,AAVJEA3-S1,A175,CCGTCGAAGAAGGGA,TCCCTTCTTCGACGG,63541,0.5183860581
137,AAVJEA3-S10,A184,CATGCCATGTGTATC,GATACACATGGCATG,290314,2.3684665029
138,AAVJEA3-S2,A150,CGTCCGTCTAATGAA,TTCATTAGACGGACG,33600,0.274118625
139,AAVJEA3-S4,A179,GGCAGCGGACACGTG,CACGTGTCCGCTGCC,82534,0.6733365058
140,AAVJEA3-S5,A190,GACCACTTATCGCCA,TGGCGATAAGTGGTC,23762,0.1938573443
141,AAVJEA3-S7,A180,ATCCTCTCCGCTACC,GGTAGCGGAGAGGAT,193347,1.5773813627
142,AAVJEA3-S8,A181,TAGCACCATTTACGG,CCGTAAATGGTGCTA,30295,0.2471554686
143,AAVLK03,A117,TGTTTAGGTGAGCCT,AGGCTCACCTAAACA,112584,0.9184931928
144,AAVM41,A135,GAGGTCCAGAGGAAG,CTTCCTCTGGACCTC,66773,0.5447536591
145,AAVpo1_A1,A107,TTGGAACGTGGGCTT,AAGCCCACGTTCCAA,69460,0.5666749908
146,AAVpo1_A2,A109,AGATTCAAAGCTGCG,CGCAGCTTTGAATCT,52054,0.4246717531
147,AAVpo1_A6,A110,TGTTGGAAGGTATCA,TGATACCTTCCAACA,44836,0.3657851985
148,AAVpo1_P4,A102,GTTGTGCCCTGAGTG,CACTCAGGGCACAAC,59489,0.4853286572
149,AAVpo1_P5,A104,ACCGTATCTCTCCGG,CCGGAGAGATACGGT,68108,0.5556449795
150,AAVpo1wt,A100,TGGTTTACAAATTAT,ATAATTTGTAAACCA,159045,1.2975356165
151,AAVrh10_A1,A94,CTACCTATTTACTCT,AGAGTAAATAGGTAG,105005,0.8566614946
152,AAVrh10_A2,A97,ACCGGGCGTTGAGGC,GCCTCAACGCCCGGT,21381,0.17443245
153,AAVrh10_A6,A99,ACTGTGATGGGTTAG,CTAACCCATCACAGT,100715,0.8216624201
154,AAVrh10_P2,A87,GACTTGGTTGTGACG,CGTCACAACCAAGTC,56682,0.4624283304
155,AAVrh10_P4,A90,TTGTTGTATGAGCAG,CTGCTCATACAACAA,39057,0.3186384267
156,AAVrh10_P5,A91,TCCACGGAGGCTGCG,CGCAGCCTCCGTGGA,136221,1.1113307505
157,AAVrh10wt,A86,GGTCTTTGCTCGGTG,CACCGAGCAAAGACC,60879,0.4966686837
